Geoid,Sec_neigh
170310701022,LINCOLN PARK
170318363002,HYDE PARK
170311102002,JEFFERSON PARK
170314303001,"SOUTH SHORE, GRAND CROSSING"
170318350003,"MARQUETTE PARK,GAGE PARK"
170310615001,LAKE VIEW
170314206001,WOODLAWN
170312432001,"WICKER PARK,WEST TOWN"
170315303002,WEST PULLMAN
170316805001,ENGLEWOOD
170310602002,LAKE VIEW
170315102001,SOUTHEAST SIDE
170314206002,WOODLAWN
170316502001,WEST LAWN
170310302004,EDGEWATER
170317203003,BEVERLY
170318383001,RIVER NORTH
170316603021,"MARQUETTE PARK,GAGE PARK"
170315804003,"BRIGHTON PARK,MCKINLEY PARK"
170317001001,ASHBURN
170310311001,UPTOWN
170312207023,LOGAN SQUARE
170310319001,UPTOWN
170312413001,"WICKER PARK,WEST TOWN"
170313510002,BRONZEVILLE
170315401014,RIVERDALE
170312409001,HUMBOLDT PARK
170311301002,"NORTH PARK,ALBANY PARK"
170317202003,BEVERLY
170318382002,"LITTLE ITALY, UIC"
170317505003,"MOUNT GREENWOOD,MORGAN PARK"
170314906001,"WASHINGTON HEIGHTS,ROSELAND"
170315102003,SOUTHEAST SIDE
170318431001,NORTH LAWNDALE
170315401022,RIVERDALE
170311703001,DUNNING
170311003001,NORWOOD PARK
170318368001,GARFIELD PARK
170316110001,BACK OF THE YARDS
170315103004,SOUTHEAST SIDE
170317505001,"MOUNT GREENWOOD,MORGAN PARK"
170317004011,ASHBURN
170317504001,"MOUNT GREENWOOD,MORGAN PARK"
170311006004,NORWOOD PARK
170318381002,UNITED CENTER
170317305004,"WASHINGTON HEIGHTS,ROSELAND"
170311104001,JEFFERSON PARK
170317003024,ASHBURN
170318349002,ENGLEWOOD
170315703004,"ARCHER HEIGHTS,WEST ELSDON"
170312517001,AUSTIN
170314905002,"WASHINGTON HEIGHTS,ROSELAND"
170312510001,AUSTIN
170314909022,"WASHINGTON HEIGHTS,ROSELAND"
170317306002,"WASHINGTON HEIGHTS,ROSELAND"
170314602002,SOUTH CHICAGO
170317403002,"MOUNT GREENWOOD,MORGAN PARK"
170317004012,ASHBURN
170318366001,HUMBOLDT PARK
170315401013,RIVERDALE
170318382001,"LITTLE ITALY, UIC"
170310314006,UPTOWN
170310203023,WEST RIDGE
170311003004,NORWOOD PARK
170311906012,"BELMONT CRAGIN,HERMOSA"
170317608032,OHARE
170315305011,WEST PULLMAN
170314910005,"WASHINGTON HEIGHTS,ROSELAND"
170314402022,"CHATHAM,BURNSIDE"
170311003006,NORWOOD PARK
170311201002,"SAUGANASH,FOREST GLEN"
170311003002,NORWOOD PARK
170311504023,PORTAGE PARK
170311005003,NORWOOD PARK
170317402003,"MOUNT GREENWOOD,MORGAN PARK"
170312518003,AUSTIN
170311003003,NORWOOD PARK
170312712001,GARFIELD PARK
170312508001,AUSTIN
170312714001,GARFIELD PARK
170317306003,"WASHINGTON HEIGHTS,ROSELAND"
170311904012,"BELMONT CRAGIN,HERMOSA"
170314312002,"SOUTH SHORE, GRAND CROSSING"
170317103001,AUBURN GRESHAM
170317004013,ASHBURN
170312713001,GARFIELD PARK
170317110002,AUBURN GRESHAM
170311906022,"BELMONT CRAGIN,HERMOSA"
170311904022,"BELMONT CRAGIN,HERMOSA"
170315602003,MIDWAY AIRPORT
170315302005,WEST PULLMAN
170315305014,WEST PULLMAN
170316913001,"SOUTH SHORE, GRAND CROSSING"
170318346002,ENGLEWOOD
170311203004,"SAUGANASH,FOREST GLEN"
170313301002,NEAR SOUTH SIDE
170314908003,"WASHINGTON HEIGHTS,ROSELAND"
170314907003,"WASHINGTON HEIGHTS,ROSELAND"
170313814001,BRONZEVILLE
170318343006,"AVALON PARK,CALUMET HEIGHTS"
170318312002,"BELMONT CRAIGIN,HERMOSA"
170317003011,ASHBURN
170310203013,WEST RIDGE
170317506003,"MOUNT GREENWOOD,MORGAN PARK"
170318403002,"BRIGHTON PARK,MCKINLEY PARK"
170310203012,WEST RIDGE
170316809001,ENGLEWOOD
170310818002,RIVER NORTH
170318342002,"SOUTH SHORE, GRAND CROSSING"
170317005011,ASHBURN
170310202001,WEST RIDGE
170314909013,"WASHINGTON HEIGHTS,ROSELAND"
170317005014,ASHBURN
170311005001,NORWOOD PARK
170317005013,ASHBURN
170317003012,ASHBURN
170317502004,"MOUNT GREENWOOD,MORGAN PARK"
170310202002,WEST RIDGE
170317304003,"WASHINGTON HEIGHTS,ROSELAND"
170311002004,NORWOOD PARK
170317304001,"WASHINGTON HEIGHTS,ROSELAND"
170317206001,BEVERLY
170311503005,PORTAGE PARK
170314909012,"WASHINGTON HEIGHTS,ROSELAND"
170313510003,BRONZEVILLE
170314406001,"CHATHAM,BURNSIDE"
170316715003,ENGLEWOOD
170317111003,AUBURN GRESHAM
170318358001,BRONZEVILLE
170318407003,LITTLE VILLAGE
170312801002,WEST LOOP
170311102001,JEFFERSON PARK
170314910002,"WASHINGTON HEIGHTS,ROSELAND"
170314910004,"WASHINGTON HEIGHTS,ROSELAND"
170310902005,EDISON PARK
170318331002,WEST LOOP
170317104005,AUBURN GRESHAM
170318348002,ENGLEWOOD
170311002003,NORWOOD PARK
170312512004,AUSTIN
170317002003,ASHBURN
170311303003,"NORTH PARK,ALBANY PARK"
170312515004,AUSTIN
170312002002,"BELMONT CRAIGIN,HERMOSA"
170314909023,"WASHINGTON HEIGHTS,ROSELAND"
170311001001,NORWOOD PARK
170316103002,BACK OF THE YARDS
170310206011,WEST RIDGE
170316809004,ENGLEWOOD
170318395001,BRONZEVILLE
170317207003,BEVERLY
170314107001,HYDE PARK
170311006003,NORWOOD PARK
170315306002,WEST PULLMAN
170318415002,NORTH LAWNDALE
170317302012,"WASHINGTON HEIGHTS,ROSELAND"
170311002002,NORWOOD PARK
170317004021,ASHBURN
170318387001,NORTH LAWNDALE
170318339002,SOUTH CHICAGO
170313012001,LITTLE VILLAGE
170311703005,DUNNING
170315301002,WEST PULLMAN
170317304004,"WASHINGTON HEIGHTS,ROSELAND"
170311502001,PORTAGE PARK
170312315006,HUMBOLDT PARK
170316303001,"MARQUETTE PARK,GAGE PARK"
170312107003,"IRVING PARK,AVONDALE"
170312909003,NORTH LAWNDALE
170318370001,GARFIELD PARK
170315805023,"BRIGHTON PARK,MCKINLEY PARK"
170313106003,LOWER WEST SIDE
170314805001,"AVALON PARK,CALUMET HEIGHTS"
170317102005,AUBURN GRESHAM
170312505004,"MONTCLARE, GALEWOOD"
170312508002,AUSTIN
170317203001,BEVERLY
170310311002,UPTOWN
170318311004,"IRVING PARK,AVONDALE"
170316711001,ENGLEWOOD
170314204001,WOODLAWN
170314603024,SOUTH CHICAGO
170311708002,DUNNING
170313807001,BRONZEVILLE
170310502003,NORTH CENTER
170315305013,WEST PULLMAN
170315205001,SOUTHEAST SIDE
170318429003,"LITTLE ITALY, UIC"
170318368002,GARFIELD PARK
170316810004,ENGLEWOOD
170311708001,DUNNING
170315607001,MIDWAY AIRPORT
170316713001,ENGLEWOOD
170317005016,ASHBURN
170312832001,"LITTLE ITALY, UIC"
170315102002,SOUTHEAST SIDE
170316611005,"MARQUETTE PARK,GAGE PARK"
170318404002,"BRIGHTON PARK,MCKINLEY PARK"
170318366002,HUMBOLDT PARK
170311611001,"IRVING PARK,AVONDALE"
170311408005,"NORTH PARK,ALBANY PARK"
170314804007,"AVALON PARK,CALUMET HEIGHTS"
170310402012,LINCOLN SQUARE
170314804004,"AVALON PARK,CALUMET HEIGHTS"
170314804006,"AVALON PARK,CALUMET HEIGHTS"
170314804005,"AVALON PARK,CALUMET HEIGHTS"
170311604002,"IRVING PARK,AVONDALE"
170318380001,UNITED CENTER
170315802002,"BRIGHTON PARK,MCKINLEY PARK"
170318403003,"BRIGHTON PARK,MCKINLEY PARK"
170316503013,WEST LAWN
170316503014,WEST LAWN
170314911002,"WASHINGTON HEIGHTS,ROSELAND"
170311505013,PORTAGE PARK
170316112002,BACK OF THE YARDS
170316805002,ENGLEWOOD
170314911003,"WASHINGTON HEIGHTS,ROSELAND"
170316806002,ENGLEWOOD
170316504004,WEST LAWN
170316610001,"MARQUETTE PARK,GAGE PARK"
170311602003,"IRVING PARK,AVONDALE"
170314402023,"CHATHAM,BURNSIDE"
170316911001,"SOUTH SHORE, GRAND CROSSING"
170314403003,"CHATHAM,BURNSIDE"
170314004001,WASHINGTON PARK
170312518002,AUSTIN
170311913011,"BELMONT CRAGIN,HERMOSA"
170317003022,ASHBURN
170311610002,"IRVING PARK,AVONDALE"
170314403001,"CHATHAM,BURNSIDE"
170311610001,"IRVING PARK,AVONDALE"
170312002001,"BELMONT CRAIGIN,HERMOSA"
170311704003,DUNNING
170312105012,"IRVING PARK,AVONDALE"
170314402021,"CHATHAM,BURNSIDE"
170312519002,AUSTIN
170311001005,NORWOOD PARK
170317503002,"MOUNT GREENWOOD,MORGAN PARK"
170318305002,LITTLE VILLAGE
170311911005,"BELMONT CRAGIN,HERMOSA"
170311510011,PORTAGE PARK
170316504005,WEST LAWN
170317403003,"MOUNT GREENWOOD,MORGAN PARK"
170311912001,"BELMONT CRAGIN,HERMOSA"
170311801003,"MONTCLARE, GALEWOOD"
170311504012,PORTAGE PARK
170314804002,"AVALON PARK,CALUMET HEIGHTS"
170311710004,DUNNING
170318316002,"MONTCLARE, GALEWOOD"
170317004014,ASHBURN
170316502002,WEST LAWN
170314804001,"AVALON PARK,CALUMET HEIGHTS"
170316505002,WEST LAWN
170312607002,GARFIELD PARK
170318426004,BACK OF THE YARDS
170310206012,WEST RIDGE
170311512001,PORTAGE PARK
170317302023,"WASHINGTON HEIGHTS,ROSELAND"
170317403004,"MOUNT GREENWOOD,MORGAN PARK"
170312308001,HUMBOLDT PARK
170315501004,SOUTHEAST SIDE
170314409001,"CHATHAM,BURNSIDE"
170315306003,WEST PULLMAN
170316708002,ENGLEWOOD
170310505002,NORTH CENTER
170315203002,SOUTHEAST SIDE
170315203003,SOUTHEAST SIDE
170315203001,SOUTHEAST SIDE
170317301002,"WASHINGTON HEIGHTS,ROSELAND"
170316709002,ENGLEWOOD
170311710001,DUNNING
170317005015,ASHBURN
170315401023,RIVERDALE
170310203011,WEST RIDGE
170317401003,"MOUNT GREENWOOD,MORGAN PARK"
170311906013,"BELMONT CRAGIN,HERMOSA"
170310305002,EDGEWATER
170312606002,GARFIELD PARK
170318397003,BRIDGEPORT
170312507005,AUSTIN
170312522013,AUSTIN
170311104003,JEFFERSON PARK
170310402022,LINCOLN SQUARE
170313812002,BRONZEVILLE
170314910003,"WASHINGTON HEIGHTS,ROSELAND"
170314607001,SOUTH CHICAGO
170314005001,WASHINGTON PARK
170316505001,WEST LAWN
170311105011,JEFFERSON PARK
170317404001,"MOUNT GREENWOOD,MORGAN PARK"
170310818001,RIVER NORTH
170316720001,ENGLEWOOD
170316720003,ENGLEWOOD
170316610004,"MARQUETTE PARK,GAGE PARK"
170312101002,"IRVING PARK,AVONDALE"
170315204004,SOUTHEAST SIDE
170317112002,AUBURN GRESHAM
170317112003,AUBURN GRESHAM
170317111002,AUBURN GRESHAM
170316720002,ENGLEWOOD
170317112001,AUBURN GRESHAM
170317111001,AUBURN GRESHAM
170314208001,WOODLAWN
170317108006,AUBURN GRESHAM
170314602001,SOUTH CHICAGO
170317302015,"WASHINGTON HEIGHTS,ROSELAND"
170312212001,LOGAN SQUARE
170317302011,"WASHINGTON HEIGHTS,ROSELAND"
170314908002,"WASHINGTON HEIGHTS,ROSELAND"
170312504002,AUSTIN
170316006001,BRIDGEPORT
170315204001,SOUTHEAST SIDE
170312520002,AUSTIN
170310402011,LINCOLN SQUARE
170311707001,DUNNING
170312311001,HUMBOLDT PARK
170312427001,HUMBOLDT PARK
170318415001,NORTH LAWNDALE
170312519004,AUSTIN
170312922002,NORTH LAWNDALE
170310302002,EDGEWATER
170318397002,BRIDGEPORT
170312925001,NORTH LAWNDALE
170316116001,BACK OF THE YARDS
170310402014,LINCOLN SQUARE
170311101002,JEFFERSON PARK
170312521023,AUSTIN
170312502002,AUSTIN
170311503002,PORTAGE PARK
170312216001,BUCKTOWN
170312521024,AUSTIN
170314306001,"SOUTH SHORE, GRAND CROSSING"
170311908003,"BELMONT CRAGIN,HERMOSA"
170314309001,"SOUTH SHORE, GRAND CROSSING"
170314309002,"SOUTH SHORE, GRAND CROSSING"
170311507003,PORTAGE PARK
170311703004,DUNNING
170312518005,AUSTIN
170311503006,PORTAGE PARK
170310102022,ROGERS PARK
170311613004,"IRVING PARK,AVONDALE"
170318421002,HUMBOLDT PARK
170311913013,"BELMONT CRAGIN,HERMOSA"
170311907023,"BELMONT CRAGIN,HERMOSA"
170310510001,NORTH CENTER
170312211001,LOGAN SQUARE
170312608002,GARFIELD PARK
170318322001,BUCKTOWN
170313108003,LOWER WEST SIDE
170316201003,"ARCHER HEIGHTS,WEST ELSDON"
170311508003,PORTAGE PARK
170311510023,PORTAGE PARK
170311503004,PORTAGE PARK
170311502005,PORTAGE PARK
170311507001,PORTAGE PARK
170316403005,MIDWAY AIRPORT
170311502003,PORTAGE PARK
170316403002,MIDWAY AIRPORT
170315703002,"ARCHER HEIGHTS,WEST ELSDON"
170315703001,"ARCHER HEIGHTS,WEST ELSDON"
170311507002,PORTAGE PARK
170311511004,PORTAGE PARK
170315611003,MIDWAY AIRPORT
170311903003,"BELMONT CRAGIN,HERMOSA"
170318370002,GARFIELD PARK
170311902004,"BELMONT CRAGIN,HERMOSA"
170311511001,PORTAGE PARK
170312307004,HUMBOLDT PARK
170313018032,LITTLE VILLAGE
170313005002,LITTLE VILLAGE
170311903004,"BELMONT CRAGIN,HERMOSA"
170311902003,"BELMONT CRAGIN,HERMOSA"
170312522021,AUSTIN
170316904004,"SOUTH SHORE, GRAND CROSSING"
170310208012,WEST RIDGE
170311303002,"NORTH PARK,ALBANY PARK"
170316909005,"SOUTH SHORE, GRAND CROSSING"
170311903002,"BELMONT CRAGIN,HERMOSA"
170312209022,LOGAN SQUARE
170312309001,HUMBOLDT PARK
170316501003,WEST LAWN
170313006002,LITTLE VILLAGE
170313016002,LITTLE VILLAGE
170311902002,"BELMONT CRAGIN,HERMOSA"
170316305001,"MARQUETTE PARK,GAGE PARK"
170316608005,"MARQUETTE PARK,GAGE PARK"
170316611001,"MARQUETTE PARK,GAGE PARK"
170316611003,"MARQUETTE PARK,GAGE PARK"
170312909001,NORTH LAWNDALE
170312909002,NORTH LAWNDALE
170316304001,"MARQUETTE PARK,GAGE PARK"
170313016001,LITTLE VILLAGE
170316304004,"MARQUETTE PARK,GAGE PARK"
170316609001,"MARQUETTE PARK,GAGE PARK"
170312912001,NORTH LAWNDALE
170318408002,LITTLE VILLAGE
170312912002,NORTH LAWNDALE
170316304003,"MARQUETTE PARK,GAGE PARK"
170316502003,WEST LAWN
170316203001,"ARCHER HEIGHTS,WEST ELSDON"
170316304002,"MARQUETTE PARK,GAGE PARK"
170316305004,"MARQUETTE PARK,GAGE PARK"
170312312005,HUMBOLDT PARK
170312828001,"LITTLE ITALY, UIC"
170316609002,"MARQUETTE PARK,GAGE PARK"
170316305002,"MARQUETTE PARK,GAGE PARK"
170311504021,PORTAGE PARK
170316606005,"MARQUETTE PARK,GAGE PARK"
170311506001,PORTAGE PARK
170318322002,BUCKTOWN
170318351002,"MARQUETTE PARK,GAGE PARK"
170314908004,"WASHINGTON HEIGHTS,ROSELAND"
170311504022,PORTAGE PARK
170314908005,"WASHINGTON HEIGHTS,ROSELAND"
170316305003,"MARQUETTE PARK,GAGE PARK"
170314308002,"SOUTH SHORE, GRAND CROSSING"
170318408001,LITTLE VILLAGE
170311703003,DUNNING
170313009002,LITTLE VILLAGE
170311506002,PORTAGE PARK
170312309002,HUMBOLDT PARK
170316204004,"ARCHER HEIGHTS,WEST ELSDON"
170316308001,"MARQUETTE PARK,GAGE PARK"
170314306002,"SOUTH SHORE, GRAND CROSSING"
170316308002,"MARQUETTE PARK,GAGE PARK"
170312521021,AUSTIN
170314308001,"SOUTH SHORE, GRAND CROSSING"
170316308003,"MARQUETTE PARK,GAGE PARK"
170318316005,"MONTCLARE, GALEWOOD"
170312518004,AUSTIN
170316706002,ENGLEWOOD
170314407002,"CHATHAM,BURNSIDE"
170318387002,NORTH LAWNDALE
170316603011,"MARQUETTE PARK,GAGE PARK"
170312516001,AUSTIN
170310209011,WEST RIDGE
170316707002,ENGLEWOOD
170315302003,WEST PULLMAN
170312211002,LOGAN SQUARE
170311906023,"BELMONT CRAGIN,HERMOSA"
170314407001,"CHATHAM,BURNSIDE"
170316715001,ENGLEWOOD
170317110003,AUBURN GRESHAM
170318348001,ENGLEWOOD
170317110001,AUBURN GRESHAM
170316605001,"MARQUETTE PARK,GAGE PARK"
170314605002,SOUTH CHICAGO
170314604003,SOUTH CHICAGO
170312521022,AUSTIN
170316703001,ENGLEWOOD
170310623001,LAKE VIEW
170311507004,PORTAGE PARK
170316605002,"MARQUETTE PARK,GAGE PARK"
170314603011,SOUTH CHICAGO
170316811005,ENGLEWOOD
170314604004,SOUTH CHICAGO
170318307004,UPTOWN
170318349001,ENGLEWOOD
170316104001,BACK OF THE YARDS
170316706001,ENGLEWOOD
170314604002,SOUTH CHICAGO
170310302003,EDGEWATER
170314603012,SOUTH CHICAGO
170316810001,ENGLEWOOD
170316604002,"MARQUETTE PARK,GAGE PARK"
170313008001,LITTLE VILLAGE
170316611004,"MARQUETTE PARK,GAGE PARK"
170311703002,DUNNING
170310514001,NORTH CENTER
170316707001,ENGLEWOOD
170316904002,"SOUTH SHORE, GRAND CROSSING"
170310624001,LAKE VIEW
170316904001,"SOUTH SHORE, GRAND CROSSING"
170318319001,LAKE VIEW
170310208024,WEST RIDGE
170310508001,NORTH CENTER
170313008002,LITTLE VILLAGE
170310509001,NORTH CENTER
170311704002,DUNNING
170316910003,"SOUTH SHORE, GRAND CROSSING"
170310511001,NORTH CENTER
170318432001,LOWER WEST SIDE
170316204001,"ARCHER HEIGHTS,WEST ELSDON"
170312608001,GARFIELD PARK
170316716002,ENGLEWOOD
170312307001,HUMBOLDT PARK
170316910004,"SOUTH SHORE, GRAND CROSSING"
170315204003,SOUTHEAST SIDE
170310106001,ROGERS PARK
170310716001,OLD TOWN
170318359003,BRONZEVILLE
170312506001,AUSTIN
170313105001,LOWER WEST SIDE
170314907002,"WASHINGTON HEIGHTS,ROSELAND"
170312506002,AUSTIN
170316910002,"SOUTH SHORE, GRAND CROSSING"
170314913004,"WASHINGTON HEIGHTS,ROSELAND"
170316910001,"SOUTH SHORE, GRAND CROSSING"
170310630001,LAKE VIEW
170312307002,HUMBOLDT PARK
170315302002,WEST PULLMAN
170310404022,LINCOLN SQUARE
170314913001,"WASHINGTON HEIGHTS,ROSELAND"
170314302003,"SOUTH SHORE, GRAND CROSSING"
170310208023,WEST RIDGE
170318348003,ENGLEWOOD
170314907001,"WASHINGTON HEIGHTS,ROSELAND"
170316904003,"SOUTH SHORE, GRAND CROSSING"
170314112001,HYDE PARK
170311403022,"NORTH PARK,ALBANY PARK"
170310208021,WEST RIDGE
170312516003,AUSTIN
170314910001,"WASHINGTON HEIGHTS,ROSELAND"
170312215002,LOGAN SQUARE
170314313021,"SOUTH SHORE, GRAND CROSSING"
170314603023,SOUTH CHICAGO
170311608005,"IRVING PARK,AVONDALE"
170310207022,WEST RIDGE
170311504014,PORTAGE PARK
170315703003,"ARCHER HEIGHTS,WEST ELSDON"
170314603013,SOUTH CHICAGO
170310208022,WEST RIDGE
170310409001,LINCOLN SQUARE
170318312003,"BELMONT CRAIGIN,HERMOSA"
170312515002,AUSTIN
170312307003,HUMBOLDT PARK
170310207023,WEST RIDGE
170316504002,WEST LAWN
170312516002,AUSTIN
170318343003,"AVALON PARK,CALUMET HEIGHTS"
170317401002,"MOUNT GREENWOOD,MORGAN PARK"
170318413003,LOWER WEST SIDE
170310401003,LINCOLN SQUARE
170314313023,"SOUTH SHORE, GRAND CROSSING"
170312001002,"BELMONT CRAIGIN,HERMOSA"
170317113001,AUBURN GRESHAM
170310633031,LAKE VIEW
170312925002,NORTH LAWNDALE
170311402003,"NORTH PARK,ALBANY PARK"
170310102013,ROGERS PARK
170315804004,"BRIGHTON PARK,MCKINLEY PARK"
170314402014,"CHATHAM,BURNSIDE"
170312212002,LOGAN SQUARE
170312503003,AUSTIN
170313018022,LITTLE VILLAGE
170311605022,"IRVING PARK,AVONDALE"
170312003002,"BELMONT CRAIGIN,HERMOSA"
170311407011,"NORTH PARK,ALBANY PARK"
170311406023,"NORTH PARK,ALBANY PARK"
170311907011,"BELMONT CRAGIN,HERMOSA"
170316812004,ENGLEWOOD
170310401002,LINCOLN SQUARE
170318311002,"IRVING PARK,AVONDALE"
170315806002,"BRIGHTON PARK,MCKINLEY PARK"
170318344001,WOODLAWN
170312512003,AUSTIN
170317108003,AUBURN GRESHAM
170315805013,"BRIGHTON PARK,MCKINLEY PARK"
170311402001,"NORTH PARK,ALBANY PARK"
170310402013,LINCOLN SQUARE
170312213001,LOGAN SQUARE
170310706002,LINCOLN PARK
170312838001,"LITTLE ITALY, UIC"
170314105001,HYDE PARK
170312414001,"WICKER PARK,WEST TOWN"
170312522025,AUSTIN
170310203022,WEST RIDGE
170313902001,"KENWOOD,OAKLAND"
170318360001,BRONZEVILLE
170310819001,RIVER NORTH
170311911003,"BELMONT CRAGIN,HERMOSA"
170311105012,JEFFERSON PARK
170314005002,WASHINGTON PARK
170313109003,LOWER WEST SIDE
170316911002,"SOUTH SHORE, GRAND CROSSING"
170310404025,LINCOLN SQUARE
170318407002,LITTLE VILLAGE
170313906001,"KENWOOD,OAKLAND"
170316407003,MIDWAY AIRPORT
170312520001,AUSTIN
170311907012,"BELMONT CRAGIN,HERMOSA"
170312519003,AUSTIN
170314305003,"SOUTH SHORE, GRAND CROSSING"
170315804002,"BRIGHTON PARK,MCKINLEY PARK"
170310313004,UPTOWN
170312205002,LOGAN SQUARE
170311603003,"IRVING PARK,AVONDALE"
170310103004,ROGERS PARK
170314302004,"SOUTH SHORE, GRAND CROSSING"
170312214001,LOGAN SQUARE
170311603002,"IRVING PARK,AVONDALE"
170312514002,AUSTIN
170311906021,"BELMONT CRAGIN,HERMOSA"
170314313012,"SOUTH SHORE, GRAND CROSSING"
170312515003,AUSTIN
170310321001,UPTOWN
170310317001,UPTOWN
170314108002,HYDE PARK
170312515001,AUSTIN
170310305001,EDGEWATER
170312214003,LOGAN SQUARE
170310406003,LINCOLN SQUARE
170313012003,LITTLE VILLAGE
170314106001,HYDE PARK
170312512002,AUSTIN
170314106002,HYDE PARK
170312107001,"IRVING PARK,AVONDALE"
170312507001,AUSTIN
170310628003,LAKE VIEW
170316810002,ENGLEWOOD
170311508001,PORTAGE PARK
170318421003,HUMBOLDT PARK
170316709001,ENGLEWOOD
170311911004,"BELMONT CRAGIN,HERMOSA"
170318421006,HUMBOLDT PARK
170318421004,HUMBOLDT PARK
170316007001,BRIDGEPORT
170311503003,PORTAGE PARK
170318420001,BRONZEVILLE
170312511001,AUSTIN
170313802002,BRONZEVILLE
170312511004,AUSTIN
170311508005,PORTAGE PARK
170316403001,MIDWAY AIRPORT
170313017013,LITTLE VILLAGE
170312606001,GARFIELD PARK
170312511002,AUSTIN
170312607001,GARFIELD PARK
170317104001,AUBURN GRESHAM
170318429002,"LITTLE ITALY, UIC"
170312434001,"WICKER PARK,WEST TOWN"
170316606002,"MARQUETTE PARK,GAGE PARK"
170315805021,"BRIGHTON PARK,MCKINLEY PARK"
170316712001,ENGLEWOOD
170314401023,"CHATHAM,BURNSIDE"
170316606003,"MARQUETTE PARK,GAGE PARK"
170311911001,"BELMONT CRAGIN,HERMOSA"
170313017021,LITTLE VILLAGE
170317102002,AUBURN GRESHAM
170312315004,HUMBOLDT PARK
170317102004,AUBURN GRESHAM
170312925003,NORTH LAWNDALE
170318350002,"MARQUETTE PARK,GAGE PARK"
170312503002,AUSTIN
170312507003,AUSTIN
170317102003,AUBURN GRESHAM
170312315001,HUMBOLDT PARK
170312511003,AUSTIN
170310206021,WEST RIDGE
170311508002,PORTAGE PARK
170316203004,"ARCHER HEIGHTS,WEST ELSDON"
170316915001,"SOUTH SHORE, GRAND CROSSING"
170315806003,"BRIGHTON PARK,MCKINLEY PARK"
170310206024,WEST RIDGE
170311908004,"BELMONT CRAGIN,HERMOSA"
170318318003,"NORTH PARK,ALBANY PARK"
170316914001,"SOUTH SHORE, GRAND CROSSING"
170314205002,WOODLAWN
170315806004,"BRIGHTON PARK,MCKINLEY PARK"
170311906011,"BELMONT CRAGIN,HERMOSA"
170311908002,"BELMONT CRAGIN,HERMOSA"
170318318002,"NORTH PARK,ALBANY PARK"
170316608001,"MARQUETTE PARK,GAGE PARK"
170312312003,HUMBOLDT PARK
170311608001,"IRVING PARK,AVONDALE"
170315805011,"BRIGHTON PARK,MCKINLEY PARK"
170318318001,"NORTH PARK,ALBANY PARK"
170311607002,"IRVING PARK,AVONDALE"
170318387003,NORTH LAWNDALE
170315906001,"BRIGHTON PARK,MCKINLEY PARK"
170315805022,"BRIGHTON PARK,MCKINLEY PARK"
170311908005,"BELMONT CRAGIN,HERMOSA"
170316812001,ENGLEWOOD
170316909002,"SOUTH SHORE, GRAND CROSSING"
170316606004,"MARQUETTE PARK,GAGE PARK"
170312312002,HUMBOLDT PARK
170311908001,"BELMONT CRAGIN,HERMOSA"
170316606001,"MARQUETTE PARK,GAGE PARK"
170311607005,"IRVING PARK,AVONDALE"
170318350004,"MARQUETTE PARK,GAGE PARK"
170316608004,"MARQUETTE PARK,GAGE PARK"
170312312001,HUMBOLDT PARK
170312512001,AUSTIN
170312306005,HUMBOLDT PARK
170312312004,HUMBOLDT PARK
170313106002,LOWER WEST SIDE
170314313022,"SOUTH SHORE, GRAND CROSSING"
170312203002,LOGAN SQUARE
170316603024,"MARQUETTE PARK,GAGE PARK"
170311508004,PORTAGE PARK
170312306002,HUMBOLDT PARK
170311303004,"NORTH PARK,ALBANY PARK"
170312309003,HUMBOLDT PARK
170314205001,WOODLAWN
170312513004,AUSTIN
170310206013,WEST RIDGE
170317107004,AUBURN GRESHAM
170317105002,AUBURN GRESHAM
170316811004,ENGLEWOOD
170310206022,WEST RIDGE
170316111003,BACK OF THE YARDS
170316716003,ENGLEWOOD
170310206023,WEST RIDGE
170317107003,AUBURN GRESHAM
170316114002,BACK OF THE YARDS
170312513002,AUSTIN
170317108002,AUBURN GRESHAM
170310622002,LAKE VIEW
170316113003,BACK OF THE YARDS
170317106002,AUBURN GRESHAM
170317104002,AUBURN GRESHAM
170314207002,WOODLAWN
170314207001,WOODLAWN
170317108001,AUBURN GRESHAM
170317107002,AUBURN GRESHAM
170310317002,UPTOWN
170317106001,AUBURN GRESHAM
170312513001,AUSTIN
170316117003,BACK OF THE YARDS
170317108005,AUBURN GRESHAM
170317107001,AUBURN GRESHAM
170317105001,AUBURN GRESHAM
170310505001,NORTH CENTER
170316810003,ENGLEWOOD
170314601003,SOUTH CHICAGO
170314401022,"CHATHAM,BURNSIDE"
170316811002,ENGLEWOOD
170316814001,ENGLEWOOD
170316814004,ENGLEWOOD
170317108004,AUBURN GRESHAM
170314603022,SOUTH CHICAGO
170317104003,AUBURN GRESHAM
170314601004,SOUTH CHICAGO
170316909003,"SOUTH SHORE, GRAND CROSSING"
170310505005,NORTH CENTER
170316608003,"MARQUETTE PARK,GAGE PARK"
170312207013,LOGAN SQUARE
170310712001,LINCOLN PARK
170310629003,LAKE VIEW
170316120001,BACK OF THE YARDS
170314207003,WOODLAWN
170316716001,ENGLEWOOD
170316914004,"SOUTH SHORE, GRAND CROSSING"
170315805014,"BRIGHTON PARK,MCKINLEY PARK"
170316004003,BRIDGEPORT
170316811003,ENGLEWOOD
170316708001,ENGLEWOOD
170317105003,AUBURN GRESHAM
170314302002,"SOUTH SHORE, GRAND CROSSING"
170314601002,SOUTH CHICAGO
170316608002,"MARQUETTE PARK,GAGE PARK"
170316811001,ENGLEWOOD
170316909004,"SOUTH SHORE, GRAND CROSSING"
170310627003,LAKE VIEW
170316713003,ENGLEWOOD
170314207004,WOODLAWN
170318388001,SOUTHEAST SIDE
170316713002,ENGLEWOOD
170311401002,"NORTH PARK,ALBANY PARK"
170315807003,"BRIGHTON PARK,MCKINLEY PARK"
170318360002,BRONZEVILLE
170312514001,AUSTIN
170316712002,ENGLEWOOD
170314108001,HYDE PARK
170318412003,LOWER WEST SIDE
170311911006,"BELMONT CRAGIN,HERMOSA"
170313011001,LITTLE VILLAGE
170312518001,AUSTIN
170310203021,WEST RIDGE
170310402023,LINCOLN SQUARE
170314111001,HYDE PARK
170310404014,LINCOLN SQUARE
170310107021,ROGERS PARK
170318426003,BACK OF THE YARDS
170312519001,AUSTIN
170315704001,"ARCHER HEIGHTS,WEST ELSDON"
170314607002,SOUTH CHICAGO
170314607003,SOUTH CHICAGO
170313018023,LITTLE VILLAGE
170316009004,BRIDGEPORT
170318387004,NORTH LAWNDALE
170312809001,UNITED CENTER
170316009002,BRIDGEPORT
170312922001,NORTH LAWNDALE
170310317003,UPTOWN
170313018031,LITTLE VILLAGE
170311907022,"BELMONT CRAGIN,HERMOSA"
170310106004,ROGERS PARK
170312106013,"IRVING PARK,AVONDALE"
170312507004,AUSTIN
170312206012,LOGAN SQUARE
170310317004,UPTOWN
170311911002,"BELMONT CRAGIN,HERMOSA"
170312924001,NORTH LAWNDALE
170312210002,LOGAN SQUARE
170312211003,LOGAN SQUARE
170312210001,LOGAN SQUARE
170314004002,WASHINGTON PARK
170312513003,AUSTIN
170310406002,LINCOLN SQUARE
170313815001,BRONZEVILLE
170312213002,LOGAN SQUARE
170318412001,LOWER WEST SIDE
170312831001,"LITTLE ITALY, UIC"
170312507002,AUSTIN
170312922003,NORTH LAWNDALE
170315202001,SOUTHEAST SIDE
170312410002,HUMBOLDT PARK
170314305002,"SOUTH SHORE, GRAND CROSSING"
170314305001,"SOUTH SHORE, GRAND CROSSING"
170312831002,"LITTLE ITALY, UIC"
170313009001,LITTLE VILLAGE
170310715004,OLD TOWN
170314303002,"SOUTH SHORE, GRAND CROSSING"
170315805012,"BRIGHTON PARK,MCKINLEY PARK"
170313109002,LOWER WEST SIDE
170313017022,LITTLE VILLAGE
170311907021,"BELMONT CRAGIN,HERMOSA"
170312426004,HUMBOLDT PARK
170313017023,LITTLE VILLAGE
170313017011,LITTLE VILLAGE
170313017012,LITTLE VILLAGE
170310404023,LINCOLN SQUARE
170315806001,"BRIGHTON PARK,MCKINLEY PARK"
170318428003,"BRIGHTON PARK,MCKINLEY PARK"
170314307002,"SOUTH SHORE, GRAND CROSSING"
170316004001,BRIDGEPORT
170315906002,"BRIGHTON PARK,MCKINLEY PARK"
170310804001,OLD TOWN
170318428005,"BRIGHTON PARK,MCKINLEY PARK"
170318399001,BRIDGEPORT
170311605023,"IRVING PARK,AVONDALE"
170312105011,"IRVING PARK,AVONDALE"
170318399003,BRIDGEPORT
170310404024,LINCOLN SQUARE
170318428006,"BRIGHTON PARK,MCKINLEY PARK"
170311402002,"NORTH PARK,ALBANY PARK"
170318399004,BRIDGEPORT
170318428002,"BRIGHTON PARK,MCKINLEY PARK"
170316113002,BACK OF THE YARDS
170318413001,LOWER WEST SIDE
170318398002,BRIDGEPORT
170312306004,HUMBOLDT PARK
170316806001,ENGLEWOOD
170316112001,BACK OF THE YARDS
170316004002,BRIDGEPORT
170316113001,BACK OF THE YARDS
170310312002,UPTOWN
170312306001,HUMBOLDT PARK
170316111002,BACK OF THE YARDS
170316111001,BACK OF THE YARDS
170310629001,LAKE VIEW
170311606021,"IRVING PARK,AVONDALE"
170311606022,"IRVING PARK,AVONDALE"
170316114003,BACK OF THE YARDS
170316114001,BACK OF THE YARDS
170310505003,NORTH CENTER
170310505004,NORTH CENTER
170312414002,"WICKER PARK,WEST TOWN"
170310404012,LINCOLN SQUARE
170310627001,LAKE VIEW
170312306003,HUMBOLDT PARK
170310704002,SHEFFIELD & DEPAUL
170312609002,GARFIELD PARK
170310503002,NORTH CENTER
170313012002,LITTLE VILLAGE
170310407003,LINCOLN SQUARE
170312105022,"IRVING PARK,AVONDALE"
170310628001,LAKE VIEW
170312522011,AUSTIN
170310404011,LINCOLN SQUARE
170310107023,ROGERS PARK
170318381001,UNITED CENTER
170310631001,LAKE VIEW
170310705003,LINCOLN PARK
170310106002,ROGERS PARK
170312214002,LOGAN SQUARE
170318306002,ROGERS PARK
170310406001,LINCOLN SQUARE
170310816001,RIVER NORTH
170312522012,AUSTIN
170310810005,RIVER NORTH
170310307033,EDGEWATER
170310803003,OLD TOWN
170313018011,LITTLE VILLAGE
170310604003,LAKE VIEW
170313011002,LITTLE VILLAGE
170316009001,BRIDGEPORT
170313802001,BRONZEVILLE
170310105022,ROGERS PARK
170310105021,ROGERS PARK
170311408001,"NORTH PARK,ALBANY PARK"
170316115001,BACK OF THE YARDS
170310407002,LINCOLN SQUARE
170310609004,LAKE VIEW
170310407001,LINCOLN SQUARE
170310105032,ROGERS PARK
170310803001,OLD TOWN
170313108002,LOWER WEST SIDE
170314301013,"SOUTH SHORE, GRAND CROSSING"
170312209011,LOGAN SQUARE
170312209012,LOGAN SQUARE
170318369001,GARFIELD PARK
170314301011,"SOUTH SHORE, GRAND CROSSING"
170310105013,ROGERS PARK
170318369002,GARFIELD PARK
170313007002,LITTLE VILLAGE
170310714004,LINCOLN PARK
170311403012,"NORTH PARK,ALBANY PARK"
170311403011,"NORTH PARK,ALBANY PARK"
170318398003,BRIDGEPORT
170311403021,"NORTH PARK,ALBANY PARK"
170312433001,"WICKER PARK,WEST TOWN"
170318398001,BRIDGEPORT
170311407012,"NORTH PARK,ALBANY PARK"
170318428001,"BRIGHTON PARK,MCKINLEY PARK"
170313018021,LITTLE VILLAGE
170313007003,LITTLE VILLAGE
170318307002,UPTOWN
170318307003,UPTOWN
170312106012,"IRVING PARK,AVONDALE"
170310315021,UPTOWN
170315602002,MIDWAY AIRPORT
170310717001,OLD TOWN
170313511001,BRONZEVILLE
170312213003,LOGAN SQUARE
170314301012,"SOUTH SHORE, GRAND CROSSING"
170310803004,OLD TOWN
170310107022,ROGERS PARK
170310717002,OLD TOWN
170312106011,"IRVING PARK,AVONDALE"
170310315012,UPTOWN
170310314003,UPTOWN
170314402013,"CHATHAM,BURNSIDE"
170310205002,WEST RIDGE
170312206011,LOGAN SQUARE
170314109002,HYDE PARK
170310105012,ROGERS PARK
170312522024,AUSTIN
170313018033,LITTLE VILLAGE
170312207011,LOGAN SQUARE
170312207012,LOGAN SQUARE
170311105014,JEFFERSON PARK
170310307011,EDGEWATER
170310306012,EDGEWATER
170312522022,AUSTIN
170310701021,LINCOLN PARK
170310321002,UPTOWN
170310608003,LAKE VIEW
170310702003,LINCOLN PARK
170310404013,LINCOLN SQUARE
170313812001,BRONZEVILLE
170310715001,OLD TOWN
170310632006,LAKE VIEW
170310312001,UPTOWN
170312206022,LOGAN SQUARE
170312206021,LOGAN SQUARE
170313903001,"KENWOOD,OAKLAND"
170310101001,ROGERS PARK
170314401012,"CHATHAM,BURNSIDE"
170310312004,UPTOWN
170314401024,"CHATHAM,BURNSIDE"
170310107024,ROGERS PARK
170311605021,"IRVING PARK,AVONDALE"
170310631002,LAKE VIEW
170316009003,BRIDGEPORT
170312503004,AUSTIN
170310314002,UPTOWN
170310301011,EDGEWATER
170313009003,LITTLE VILLAGE
170310306031,EDGEWATER
170310306032,EDGEWATER
170318392003,BRONZEVILLE
170310634002,LAKE VIEW
170310630003,LAKE VIEW
170318439004,"SOUTH SHORE, GRAND CROSSING"
170314301023,"SOUTH SHORE, GRAND CROSSING"
170310306041,EDGEWATER
170310301022,EDGEWATER
170310315013,UPTOWN
170314301022,"SOUTH SHORE, GRAND CROSSING"
170310701012,LINCOLN PARK
170310205004,WEST RIDGE
170310811001,RUSH & DIVISION
170310314001,UPTOWN
170310307062,EDGEWATER
170310609003,LAKE VIEW
170310313002,UPTOWN
170310105011,ROGERS PARK
170310301023,EDGEWATER
170314401013,"CHATHAM,BURNSIDE"
170314109001,HYDE PARK
170310315023,UPTOWN
170310619022,LAKE VIEW
170310714003,LINCOLN PARK
170311406021,"NORTH PARK,ALBANY PARK"
170310301031,EDGEWATER
170310632003,LAKE VIEW
170310801002,GOLD COAST
170310315022,UPTOWN
170310633012,LAKE VIEW
170310814023,STREETERVILLE
170310701031,LINCOLN PARK
170310306011,EDGEWATER
170310701032,LINCOLN PARK
170310321004,UPTOWN
170310632001,LAKE VIEW
170310633011,LAKE VIEW
170310301013,EDGEWATER
170310315011,UPTOWN
170310633023,LAKE VIEW
170310812023,GOLD COAST
170310633024,LAKE VIEW
170310811002,RUSH & DIVISION
170310632002,LAKE VIEW
170310814022,STREETERVILLE
170310633022,LAKE VIEW
170310306043,EDGEWATER
170310801001,GOLD COAST
170310801006,GOLD COAST
170310619024,LAKE VIEW
170310632005,LAKE VIEW
170310701011,LINCOLN PARK
170310619021,LAKE VIEW
170310802013,GOLD COAST
170310313003,UPTOWN
170310801003,GOLD COAST
170310701023,LINCOLN PARK
170310813005,STREETERVILLE
170310801007,GOLD COAST
170312819002,WEST LOOP
170310301012,EDGEWATER
170310813001,STREETERVILLE
170310301042,EDGEWATER
170312205001,LOGAN SQUARE
170310706001,LINCOLN PARK
170315305012,WEST PULLMAN
170318418001,"SOUTH SHORE, GRAND CROSSING"
170313515002,BRONZEVILLE
170314401014,"CHATHAM,BURNSIDE"
170311702003,DUNNING
170317503001,"MOUNT GREENWOOD,MORGAN PARK"
170310622001,LAKE VIEW
170311904011,"BELMONT CRAGIN,HERMOSA"
170310603002,LAKE VIEW
170314403002,"CHATHAM,BURNSIDE"
170311801001,"MONTCLARE, GALEWOOD"
170310310002,UPTOWN
170316401001,MIDWAY AIRPORT
170317002004,ASHBURN
170315609002,MIDWAY AIRPORT
170311609001,"IRVING PARK,AVONDALE"
170313108001,LOWER WEST SIDE
170315302001,WEST PULLMAN
170310502002,NORTH CENTER
170311101004,JEFFERSON PARK
170315705001,"ARCHER HEIGHTS,WEST ELSDON"
170312925004,NORTH LAWNDALE
170314801002,"AVALON PARK,CALUMET HEIGHTS"
170316404001,MIDWAY AIRPORT
170313107001,LOWER WEST SIDE
170315303001,WEST PULLMAN
170318361001,WASHINGTON PARK
170315303003,WEST PULLMAN
170316909001,"SOUTH SHORE, GRAND CROSSING"
170310311003,UPTOWN
170315001002,PULLMAN
170310107012,ROGERS PARK
170318340002,"WASHINGTON HEIGHTS,ROSELAND"
170318392002,BRONZEVILLE
170310502001,NORTH CENTER
170312520003,AUSTIN
170316705001,ENGLEWOOD
170312435002,"WICKER PARK,WEST TOWN"
170310303002,EDGEWATER
170312420002,"WICKER PARK,WEST TOWN"
170311002005,NORWOOD PARK
170310633021,LAKE VIEW
170316714002,ENGLEWOOD
170312206023,LOGAN SQUARE
170316403006,MIDWAY AIRPORT
170314801001,"AVALON PARK,CALUMET HEIGHTS"
170313109001,LOWER WEST SIDE
170310603001,LAKE VIEW
170318392001,BRONZEVILLE
170318439005,"SOUTH SHORE, GRAND CROSSING"
170318359001,BRONZEVILLE
170311502004,PORTAGE PARK
170318347003,ENGLEWOOD
170310718001,OLD TOWN
170318426002,BACK OF THE YARDS
170316406001,MIDWAY AIRPORT
170317306001,"WASHINGTON HEIGHTS,ROSELAND"
170315608002,MIDWAY AIRPORT
170318359002,BRONZEVILLE
170314403005,"CHATHAM,BURNSIDE"
170310402024,LINCOLN SQUARE
170312420001,"WICKER PARK,WEST TOWN"
170315002001,PULLMAN
170316604003,"MARQUETTE PARK,GAGE PARK"
170311004003,NORWOOD PARK
170314302005,"SOUTH SHORE, GRAND CROSSING"
170312205003,LOGAN SQUARE
170318319002,LAKE VIEW
170314803001,"AVALON PARK,CALUMET HEIGHTS"
170312204002,LOGAN SQUARE
170312002004,"BELMONT CRAIGIN,HERMOSA"
170311504011,PORTAGE PARK
170311105015,JEFFERSON PARK
170312429001,"WICKER PARK,WEST TOWN"
170317502002,"MOUNT GREENWOOD,MORGAN PARK"
170311404003,"NORTH PARK,ALBANY PARK"
170318326003,LINCOLN PARK
170317302022,"WASHINGTON HEIGHTS,ROSELAND"
170314605001,SOUTH CHICAGO
170316407002,MIDWAY AIRPORT
170313006001,LITTLE VILLAGE
170312715001,GARFIELD PARK
170313102001,LOWER WEST SIDE
170314911001,"WASHINGTON HEIGHTS,ROSELAND"
170315608004,MIDWAY AIRPORT
170314304002,"SOUTH SHORE, GRAND CROSSING"
170311503001,PORTAGE PARK
170314603021,SOUTH CHICAGO
170318424001,"CHATHAM,BURNSIDE"
170314403004,"CHATHAM,BURNSIDE"
170317003023,ASHBURN
170312416002,"WICKER PARK,WEST TOWN"
170312207024,LOGAN SQUARE
170316404002,MIDWAY AIRPORT
170312506003,AUSTIN
170312504001,AUSTIN
170316702001,ENGLEWOOD
170311904021,"BELMONT CRAGIN,HERMOSA"
170312101003,"IRVING PARK,AVONDALE"
170312203001,LOGAN SQUARE
170315609001,MIDWAY AIRPORT
170311604003,"IRVING PARK,AVONDALE"
170316103001,BACK OF THE YARDS
170311405001,"NORTH PARK,ALBANY PARK"
170311606012,"IRVING PARK,AVONDALE"
170313405001,"ARMOUR SQUARE,CHINATOWN"
170316604001,"MARQUETTE PARK,GAGE PARK"
170311603001,"IRVING PARK,AVONDALE"
170310710002,LINCOLN PARK
170311506003,PORTAGE PARK
170311103002,JEFFERSON PARK
170312827001,"LITTLE ITALY, UIC"
170315608001,MIDWAY AIRPORT
170310304001,EDGEWATER
170310621001,LAKE VIEW
170316121001,BACK OF THE YARDS
170315607002,MIDWAY AIRPORT
170316812002,ENGLEWOOD
170318350005,"MARQUETTE PARK,GAGE PARK"
170316502004,WEST LAWN
170311602001,"IRVING PARK,AVONDALE"
170310205003,WEST RIDGE
170311801004,"MONTCLARE, GALEWOOD"
170316501004,WEST LAWN
170312405001,"WICKER PARK,WEST TOWN"
170314903002,"WASHINGTON HEIGHTS,ROSELAND"
170316309001,"MARQUETTE PARK,GAGE PARK"
170318361003,WASHINGTON PARK
170311604001,"IRVING PARK,AVONDALE"
170311503007,PORTAGE PARK
170310402021,LINCOLN SQUARE
170315608005,MIDWAY AIRPORT
170312424001,UKRAINIAN VILLAGE AND EAST VILLAGE
170316911003,"SOUTH SHORE, GRAND CROSSING"
170310707001,LINCOLN PARK
170314503002,"AVALON PARK,CALUMET HEIGHTS"
170316603023,"MARQUETTE PARK,GAGE PARK"
170311606013,"IRVING PARK,AVONDALE"
170314402012,"CHATHAM,BURNSIDE"
170314605005,SOUTH CHICAGO
170311605012,"IRVING PARK,AVONDALE"
170317003021,ASHBURN
170318316006,"MONTCLARE, GALEWOOD"
170311103004,JEFFERSON PARK
170314402011,"CHATHAM,BURNSIDE"
170318383002,RIVER NORTH
170310102011,ROGERS PARK
170311005004,NORWOOD PARK
170314203001,WOODLAWN
170312506004,AUSTIN
170316704001,ENGLEWOOD
170310205001,WEST RIDGE
170312431001,"WICKER PARK,WEST TOWN"
170310604002,LAKE VIEW
170311705001,DUNNING
170314905001,"WASHINGTON HEIGHTS,ROSELAND"
170312207021,LOGAN SQUARE
170314401011,"CHATHAM,BURNSIDE"
170317501003,"MOUNT GREENWOOD,MORGAN PARK"
170312421002,UKRAINIAN VILLAGE AND EAST VILLAGE
170312521011,AUSTIN
170310503001,NORTH CENTER
170315608003,MIDWAY AIRPORT
170318321003,LAKE VIEW
170311101003,JEFFERSON PARK
170312003001,"BELMONT CRAIGIN,HERMOSA"
170311608004,"IRVING PARK,AVONDALE"
170316701002,ENGLEWOOD
170310621003,LAKE VIEW
170310202003,WEST RIDGE
170317501004,"MOUNT GREENWOOD,MORGAN PARK"
170317502003,"MOUNT GREENWOOD,MORGAN PARK"
170314301014,"SOUTH SHORE, GRAND CROSSING"
170316911004,"SOUTH SHORE, GRAND CROSSING"
170313902002,"KENWOOD,OAKLAND"
170312204001,LOGAN SQUARE
170310202004,WEST RIDGE
170311512003,PORTAGE PARK
170318321001,LAKE VIEW
170312520004,AUSTIN
170314911005,"WASHINGTON HEIGHTS,ROSELAND"
170312513005,AUSTIN
170310713001,LINCOLN PARK
170311605011,"IRVING PARK,AVONDALE"
170311407023,"NORTH PARK,ALBANY PARK"
170316701001,ENGLEWOOD
170311505021,PORTAGE PARK
170310403001,LINCOLN SQUARE
170313103001,LOWER WEST SIDE
170311704001,DUNNING
170313104001,LOWER WEST SIDE
170312425001,UKRAINIAN VILLAGE AND EAST VILLAGE
170318330001,WEST LOOP
170310309002,ANDERSONVILLE
170311704004,DUNNING
170315905001,"BRIGHTON PARK,MCKINLEY PARK"
170310702002,LINCOLN PARK
170314802001,"AVALON PARK,CALUMET HEIGHTS"
170315202002,SOUTHEAST SIDE
170312108001,"IRVING PARK,AVONDALE"
170311510021,PORTAGE PARK
170314605006,SOUTH CHICAGO
170312004023,"BELMONT CRAIGIN,HERMOSA"
170318386001,NORTH LAWNDALE
170311706001,DUNNING
170316604004,"MARQUETTE PARK,GAGE PARK"
170310608001,LAKE VIEW
170311702002,DUNNING
170317003013,ASHBURN
170311606011,"IRVING PARK,AVONDALE"
170312422001,UKRAINIAN VILLAGE AND EAST VILLAGE
170317501002,"MOUNT GREENWOOD,MORGAN PARK"
170314802002,"AVALON PARK,CALUMET HEIGHTS"
170316703002,ENGLEWOOD
170310704001,SHEFFIELD & DEPAUL
170315610003,MIDWAY AIRPORT
170310305003,EDGEWATER
170315603002,MIDWAY AIRPORT
170318347002,ENGLEWOOD
170311201004,"SAUGANASH,FOREST GLEN"
170318344002,WOODLAWN
170318316001,"MONTCLARE, GALEWOOD"
170318347001,ENGLEWOOD
170313005001,LITTLE VILLAGE
170318374001,GARFIELD PARK
170312420003,"WICKER PARK,WEST TOWN"
170312004022,"BELMONT CRAIGIN,HERMOSA"
170318316003,"MONTCLARE, GALEWOOD"
170311708003,DUNNING
170316203003,"ARCHER HEIGHTS,WEST ELSDON"
170311711001,DUNNING
170316603022,"MARQUETTE PARK,GAGE PARK"
170310902003,EDISON PARK
170310307031,EDGEWATER
170312303001,HUMBOLDT PARK
170318311001,"IRVING PARK,AVONDALE"
170318314001,AUSTIN
170310302001,EDGEWATER
170315001001,PULLMAN
170311001004,NORWOOD PARK
170312504003,AUSTIN
170318346001,ENGLEWOOD
170311504013,PORTAGE PARK
170311006002,NORWOOD PARK
170313514001,BRONZEVILLE
170310625001,LAKE VIEW
170317115002,AUBURN GRESHAM
170312407001,HUMBOLDT PARK
170311202004,"SAUGANASH,FOREST GLEN"
170316403003,MIDWAY AIRPORT
170313818001,BRONZEVILLE
170315611005,MIDWAY AIRPORT
170316903002,"SOUTH SHORE, GRAND CROSSING"
170310714001,LINCOLN PARK
170318315002,"BELMONT CRAGIN,HERMOSA"
170317608031,OHARE
170310713002,LINCOLN PARK
170315611006,MIDWAY AIRPORT
170311602002,"IRVING PARK,AVONDALE"
170312302001,HUMBOLDT PARK
170316103003,BACK OF THE YARDS
170310303001,EDGEWATER
170315610004,MIDWAY AIRPORT
170310401001,LINCOLN SQUARE
170317204001,BEVERLY
170317114001,AUBURN GRESHAM
170314605004,SOUTH CHICAGO
170312609001,GARFIELD PARK
170311105013,JEFFERSON PARK
170310204003,WEST RIDGE
170318396002,BRONZEVILLE
170314911004,"WASHINGTON HEIGHTS,ROSELAND"
170315609004,MIDWAY AIRPORT
170314909011,"WASHINGTON HEIGHTS,ROSELAND"
170318431002,NORTH LAWNDALE
170311710006,DUNNING
170311103003,JEFFERSON PARK
170314805003,"AVALON PARK,CALUMET HEIGHTS"
170311004002,NORWOOD PARK
170313302001,NEAR SOUTH SIDE
170310204002,WEST RIDGE
170311202002,"SAUGANASH,FOREST GLEN"
170318310002,BUCKTOWN
170318363001,HYDE PARK
170312412001,"WICKER PARK,WEST TOWN"
170311002007,NORWOOD PARK
170314604001,SOUTH CHICAGO
170314112002,HYDE PARK
170310621002,LAKE VIEW
170313403001,"ARMOUR SQUARE,CHINATOWN"
170311613001,"IRVING PARK,AVONDALE"
170315801002,"BRIGHTON PARK,MCKINLEY PARK"
170315807001,"BRIGHTON PARK,MCKINLEY PARK"
170314202001,WOODLAWN
170312838002,"LITTLE ITALY, UIC"
170310318001,UPTOWN
170318396001,BRONZEVILLE
170310107011,ROGERS PARK
170311506004,PORTAGE PARK
170315302004,WEST PULLMAN
170315304001,WEST PULLMAN
170310310003,UPTOWN
170310605001,WRIGLEYVILLE
170312411001,"WICKER PARK,WEST TOWN"
170316407001,MIDWAY AIRPORT
170311608003,"IRVING PARK,AVONDALE"
170317102001,AUBURN GRESHAM
170311903001,"BELMONT CRAGIN,HERMOSA"
170313905001,"KENWOOD,OAKLAND"
170317505002,"MOUNT GREENWOOD,MORGAN PARK"
170311612001,"IRVING PARK,AVONDALE"
170318314002,AUSTIN
170310512001,NORTH CENTER
170315611004,MIDWAY AIRPORT
170317004022,ASHBURN
170314605007,SOUTH CHICAGO
170318324001,LOGAN SQUARE
170310610001,LAKE VIEW
170312411002,"WICKER PARK,WEST TOWN"
170312106021,"IRVING PARK,AVONDALE"
170317402002,"MOUNT GREENWOOD,MORGAN PARK"
170312718001,GARFIELD PARK
170310704003,SHEFFIELD & DEPAUL
170310601003,LAKE VIEW
170311801005,"MONTCLARE, GALEWOOD"
170318306001,ROGERS PARK
170311707003,DUNNING
170317301003,"WASHINGTON HEIGHTS,ROSELAND"
170315610001,MIDWAY AIRPORT
170314912001,"WASHINGTON HEIGHTS,ROSELAND"
170311407024,"NORTH PARK,ALBANY PARK"
170310209013,WEST RIDGE
170313903002,"KENWOOD,OAKLAND"
170312426001,HUMBOLDT PARK
170318416001,NORTH LAWNDALE
170310901002,EDISON PARK
170316915003,"SOUTH SHORE, GRAND CROSSING"
170314606001,SOUTH CHICAGO
170315808001,"BRIGHTON PARK,MCKINLEY PARK"
170311404001,"NORTH PARK,ALBANY PARK"
170312227002,LOGAN SQUARE
170310209012,WEST RIDGE
170316809003,ENGLEWOOD
170317004023,ASHBURN
170316914003,"SOUTH SHORE, GRAND CROSSING"
170311406011,"NORTH PARK,ALBANY PARK"
170317504002,"MOUNT GREENWOOD,MORGAN PARK"
170314914002,"WASHINGTON HEIGHTS,ROSELAND"
170310310001,UPTOWN
170310901001,EDISON PARK
170313904001,"KENWOOD,OAKLAND"
170310513001,NORTH CENTER
170310321003,UPTOWN
170311505022,PORTAGE PARK
170312415003,"WICKER PARK,WEST TOWN"
170318429001,"LITTLE ITALY, UIC"
170318307001,UPTOWN
170313007001,LITTLE VILLAGE
170310512002,NORTH CENTER
170310312003,UPTOWN
170312106023,"IRVING PARK,AVONDALE"
170314008002,WASHINGTON PARK
170310804003,OLD TOWN
170315303004,WEST PULLMAN
170312106022,"IRVING PARK,AVONDALE"
170311902001,"BELMONT CRAGIN,HERMOSA"
170311511003,PORTAGE PARK
170314101001,HYDE PARK
170318311003,"IRVING PARK,AVONDALE"
170317506004,"MOUNT GREENWOOD,MORGAN PARK"
170314409002,"CHATHAM,BURNSIDE"
170315610002,MIDWAY AIRPORT
170311408003,"NORTH PARK,ALBANY PARK"
170318310001,"WICKER PARK,WEST TOWN"
170311404004,"NORTH PARK,ALBANY PARK"
170318344003,WOODLAWN
170314302001,"SOUTH SHORE, GRAND CROSSING"
170316813003,ENGLEWOOD
170312424002,UKRAINIAN VILLAGE AND EAST VILLAGE
170311607004,"IRVING PARK,AVONDALE"
170311609002,"IRVING PARK,AVONDALE"
170318436002,BRONZEVILLE
170312001001,"BELMONT CRAIGIN,HERMOSA"
170310712002,LINCOLN PARK
170312431002,"WICKER PARK,WEST TOWN"
170312426002,HUMBOLDT PARK
170315001003,PULLMAN
170313106001,LOWER WEST SIDE
170317503003,"MOUNT GREENWOOD,MORGAN PARK"
170314313011,"SOUTH SHORE, GRAND CROSSING"
170312104001,"IRVING PARK,AVONDALE"
170312228001,LOGAN SQUARE
170314909021,"WASHINGTON HEIGHTS,ROSELAND"
170310902002,EDISON PARK
170310313005,UPTOWN
170311105022,JEFFERSON PARK
170312522023,AUSTIN
170310903001,EDISON PARK
170312222001,BUCKTOWN
170311706002,DUNNING
170313906002,"KENWOOD,OAKLAND"
170316812003,ENGLEWOOD
170318417001,LITTLE VILLAGE
170310501002,NORTH CENTER
170315610006,MIDWAY AIRPORT
170316119001,BACK OF THE YARDS
170310811003,RUSH & DIVISION
170310208014,WEST RIDGE
170314003001,WASHINGTON PARK
170313819002,BRONZEVILLE
170312425002,UKRAINIAN VILLAGE AND EAST VILLAGE
170316117001,BACK OF THE YARDS
170314914003,"WASHINGTON HEIGHTS,ROSELAND"
170311608002,"IRVING PARK,AVONDALE"
170310902001,EDISON PARK
170314605003,SOUTH CHICAGO
170312216002,BUCKTOWN
170317005022,ASHBURN
170316405001,MIDWAY AIRPORT
170316119002,BACK OF THE YARDS
170318343004,"AVALON PARK,CALUMET HEIGHTS"
170316501002,WEST LAWN
170312416001,"WICKER PARK,WEST TOWN"
170311404002,"NORTH PARK,ALBANY PARK"
170318322003,BUCKTOWN
170310106003,ROGERS PARK
170317206002,BEVERLY
170318439003,"SOUTH SHORE, GRAND CROSSING"
170311711003,DUNNING
170314208002,WOODLAWN
170316913002,"SOUTH SHORE, GRAND CROSSING"
170312225001,LOGAN SQUARE
170311702001,DUNNING
170316118001,BACK OF THE YARDS
170311403023,"NORTH PARK,ALBANY PARK"
170318386002,NORTH LAWNDALE
170317404002,"MOUNT GREENWOOD,MORGAN PARK"
170310309001,ANDERSONVILLE
170317608033,OHARE
170312804001,UNITED CENTER
170318362001,HYDE PARK
170311607003,"IRVING PARK,AVONDALE"
170312415002,"WICKER PARK,WEST TOWN"
170312705001,GARFIELD PARK
170315610005,MIDWAY AIRPORT
170310513002,NORTH CENTER
170310619013,LAKE VIEW
170311405002,"NORTH PARK,ALBANY PARK"
170312412002,"WICKER PARK,WEST TOWN"
170314409003,"CHATHAM,BURNSIDE"
170311408004,"NORTH PARK,ALBANY PARK"
170310204001,WEST RIDGE
170312105023,"IRVING PARK,AVONDALE"
170310102012,ROGERS PARK
170318425001,"SOUTH SHORE, GRAND CROSSING"
170318351004,"MARQUETTE PARK,GAGE PARK"
170316813002,ENGLEWOOD
170317205002,BEVERLY
170311710005,DUNNING
170318364002,"OAKLAND,KENWOOD"
170316607001,"MARQUETTE PARK,GAGE PARK"
170310705002,LINCOLN PARK
170314912003,"WASHINGTON HEIGHTS,ROSELAND"
170315611002,MIDWAY AIRPORT
170317305003,"WASHINGTON HEIGHTS,ROSELAND"
170317204002,BEVERLY
170311407022,"NORTH PARK,ALBANY PARK"
170310102021,ROGERS PARK
170312209021,LOGAN SQUARE
170314909024,"WASHINGTON HEIGHTS,ROSELAND"
170318401002,BRIDGEPORT
170310602001,LAKE VIEW
170314105002,HYDE PARK
170312505003,"MONTCLARE, GALEWOOD"
170311203006,"SAUGANASH,FOREST GLEN"
170311709001,DUNNING
170315907001,"BRIGHTON PARK,MCKINLEY PARK"
170317201002,BEVERLY
170318306004,ROGERS PARK
170314207005,WOODLAWN
170316408002,MIDWAY AIRPORT
170316118002,BACK OF THE YARDS
170310305004,EDGEWATER
170310201001,WEST RIDGE
170310309003,ANDERSONVILLE
170310501001,NORTH CENTER
170312434003,"WICKER PARK,WEST TOWN"
170317307002,"WASHINGTON HEIGHTS,ROSELAND"
170311601001,"IRVING PARK,AVONDALE"
170318401001,BRIDGEPORT
170316406002,MIDWAY AIRPORT
170312410001,HUMBOLDT PARK
170312434002,"WICKER PARK,WEST TOWN"
170310619014,LAKE VIEW
170312206025,LOGAN SQUARE
170312505002,"MONTCLARE, GALEWOOD"
170316203002,"ARCHER HEIGHTS,WEST ELSDON"
170318306003,ROGERS PARK
170312432002,"WICKER PARK,WEST TOWN"
170312215001,LOGAN SQUARE
170316117002,BACK OF THE YARDS
170312422002,UKRAINIAN VILLAGE AND EAST VILLAGE
170316407004,MIDWAY AIRPORT
170310619011,LAKE VIEW
170310619012,LAKE VIEW
170316501001,WEST LAWN
170311710002,DUNNING
170314904001,"WASHINGTON HEIGHTS,ROSELAND"
170312430001,"WICKER PARK,WEST TOWN"
170314908001,"WASHINGTON HEIGHTS,ROSELAND"
170317104004,AUBURN GRESHAM
170316914005,"SOUTH SHORE, GRAND CROSSING"
170313102002,LOWER WEST SIDE
170310408001,LINCOLN SQUARE
170311511002,PORTAGE PARK
170314805002,"AVALON PARK,CALUMET HEIGHTS"
170317501001,"MOUNT GREENWOOD,MORGAN PARK"
170315807002,"BRIGHTON PARK,MCKINLEY PARK"
170318308001,LINCOLN SQUARE
170312415001,"WICKER PARK,WEST TOWN"
170318373001,GARFIELD PARK
170316201002,"ARCHER HEIGHTS,WEST ELSDON"
170318378001,UNITED CENTER
170314503004,"AVALON PARK,CALUMET HEIGHTS"
170310703001,SHEFFIELD & DEPAUL
170312505007,"MONTCLARE, GALEWOOD"
170318321002,WRIGLEYVILLE
170310901003,EDISON PARK
170311405003,"NORTH PARK,ALBANY PARK"
170316912003,"SOUTH SHORE, GRAND CROSSING"
170312414004,"WICKER PARK,WEST TOWN"
170311406022,"NORTH PARK,ALBANY PARK"
170310601001,LAKE VIEW
170311007005,NORWOOD PARK
170311104002,JEFFERSON PARK
170310209022,WEST RIDGE
170310207012,WEST RIDGE
170310620002,BOYSTOWN
170311001003,NORWOOD PARK
170317207002,BEVERLY
170314102001,HYDE PARK
170314312001,"SOUTH SHORE, GRAND CROSSING"
170316204003,"ARCHER HEIGHTS,WEST ELSDON"
170316120002,BACK OF THE YARDS
170310604001,LAKE VIEW
170318373002,GARFIELD PARK
170314913003,"WASHINGTON HEIGHTS,ROSELAND"
170311505023,PORTAGE PARK
170310105031,ROGERS PARK
170318342001,"SOUTH SHORE, GRAND CROSSING"
170310634001,LAKE VIEW
170311204002,"SAUGANASH,FOREST GLEN"
170312229001,LOGAN SQUARE
170311004001,NORWOOD PARK
170310611001,WRIGLEYVILLE
170314111002,HYDE PARK
170318407001,LITTLE VILLAGE
170311710003,DUNNING
170315906003,"BRIGHTON PARK,MCKINLEY PARK"
170312004012,"BELMONT CRAIGIN,HERMOSA"
170317307001,"WASHINGTON HEIGHTS,ROSELAND"
170315003002,PULLMAN
170317207001,BEVERLY
170310629002,LAKE VIEW
170315802001,"BRIGHTON PARK,MCKINLEY PARK"
170313819001,BRONZEVILLE
170317114002,AUBURN GRESHAM
170316607002,"MARQUETTE PARK,GAGE PARK"
170310703002,SHEFFIELD & DEPAUL
170313904002,"KENWOOD,OAKLAND"
170316809002,ENGLEWOOD
170318360003,BRONZEVILLE
170310705001,LINCOLN PARK
170310601002,LAKE VIEW
170310710001,SHEFFIELD & DEPAUL
170310208013,WEST RIDGE
170310715006,OLD TOWN
170310817002,RIVER NORTH
170311407021,"NORTH PARK,ALBANY PARK"
170312423001,UKRAINIAN VILLAGE AND EAST VILLAGE
170313907002,"KENWOOD,OAKLAND"
170313818002,BRONZEVILLE
170314913002,"WASHINGTON HEIGHTS,ROSELAND"
170310802023,GOLD COAST
170318414001,NORTH LAWNDALE
170314914001,"WASHINGTON HEIGHTS,ROSELAND"
170310506001,NORTH CENTER
170318414002,NORTH LAWNDALE
170311406024,"NORTH PARK,ALBANY PARK"
170310715005,OLD TOWN
170317506002,"MOUNT GREENWOOD,MORGAN PARK"
170312514003,AUSTIN
170310304002,EDGEWATER
170314503003,"AVALON PARK,CALUMET HEIGHTS"
170310715002,OLD TOWN
170314903001,"WASHINGTON HEIGHTS,ROSELAND"
170313404001,"ARMOUR SQUARE,CHINATOWN"
170312414003,"WICKER PARK,WEST TOWN"
170317506001,"MOUNT GREENWOOD,MORGAN PARK"
170315001004,PULLMAN
170310627002,LAKE VIEW
170310201002,WEST RIDGE
170314912002,"WASHINGTON HEIGHTS,ROSELAND"
170312435001,"WICKER PARK,WEST TOWN"
170315804001,"BRIGHTON PARK,MCKINLEY PARK"
170311204001,"SAUGANASH,FOREST GLEN"
170311005002,NORWOOD PARK
170312107002,"IRVING PARK,AVONDALE"
170311006001,NORWOOD PARK
170314008001,WASHINGTON PARK
170314408001,"CHATHAM,BURNSIDE"
170311103005,JEFFERSON PARK
170313511002,BRONZEVILLE
170312421003,UKRAINIAN VILLAGE AND EAST VILLAGE
170310628002,LAKE VIEW
170310409002,LINCOLN SQUARE
170318342004,"SOUTH SHORE, GRAND CROSSING"
170312602001,GARFIELD PARK
170315301001,WEST PULLMAN
170317402004,"MOUNT GREENWOOD,MORGAN PARK"
170310309004,ANDERSONVILLE
170317101001,AUBURN GRESHAM
170318439002,WOODLAWN
170311303001,"NORTH PARK,ALBANY PARK"
170312610002,GARFIELD PARK
170310609005,LAKE VIEW
170312105021,"IRVING PARK,AVONDALE"
170313018012,LITTLE VILLAGE
170313805001,BRONZEVILLE
170314313013,"SOUTH SHORE, GRAND CROSSING"
170310702001,LINCOLN PARK
170311512002,PORTAGE PARK
170318436001,BRONZEVILLE
170311711002,DUNNING
170311510024,PORTAGE PARK
170313515001,BRONZEVILLE
170311204003,"SAUGANASH,FOREST GLEN"
170310208011,WEST RIDGE
170316914002,"SOUTH SHORE, GRAND CROSSING"
170310612001,WRIGLEYVILLE
170316912002,"SOUTH SHORE, GRAND CROSSING"
170316905001,"SOUTH SHORE, GRAND CROSSING"
170311103001,JEFFERSON PARK
170310718002,OLD TOWN
170315603001,MIDWAY AIRPORT
170318378002,UNITED CENTER
170310321005,UPTOWN
170318324002,LOGAN SQUARE
170311510012,PORTAGE PARK
170310633013,LAKE VIEW
170310630002,LAKE VIEW
170315305032,WEST PULLMAN
170318317001,PORTAGE PARK
170310307032,EDGEWATER
170311105021,JEFFERSON PARK
170310620001,BOYSTOWN
170316309002,"MARQUETTE PARK,GAGE PARK"
170312206024,LOGAN SQUARE
170311707002,DUNNING
170311701001,DUNNING
170318309002,LOGAN SQUARE
170310803002,OLD TOWN
170318351003,"MARQUETTE PARK,GAGE PARK"
170316116002,BACK OF THE YARDS
170310319002,UPTOWN
170311613002,"IRVING PARK,AVONDALE"
170312408002,HUMBOLDT PARK
170318364003,"OAKLAND,KENWOOD"
170315401011,RIVERDALE
170312109002,"IRVING PARK,AVONDALE"
170318399005,BRIDGEPORT
170310314005,UPTOWN
170317502001,"MOUNT GREENWOOD,MORGAN PARK"
170312423002,UKRAINIAN VILLAGE AND EAST VILLAGE
170315103001,SOUTHEAST SIDE
170312808001,UNITED CENTER
170318326001,LINCOLN PARK
170310810004,RIVER NORTH
170312421001,UKRAINIAN VILLAGE AND EAST VILLAGE
170318308002,LINCOLN SQUARE
170318308003,LINCOLN SQUARE
170311203002,"SAUGANASH,FOREST GLEN"
170317201001,BEVERLY
170316308004,"MARQUETTE PARK,GAGE PARK"
170312222002,BUCKTOWN
170312002003,"BELMONT CRAIGIN,HERMOSA"
170311913022,"BELMONT CRAGIN,HERMOSA"
170311613003,"IRVING PARK,AVONDALE"
170317205001,BEVERLY
170316406003,MIDWAY AIRPORT
170316813001,ENGLEWOOD
170315304002,WEST PULLMAN
170310404021,LINCOLN SQUARE
170316408001,MIDWAY AIRPORT
170311505011,PORTAGE PARK
170316609003,"MARQUETTE PARK,GAGE PARK"
170314503001,"AVALON PARK,CALUMET HEIGHTS"
170315609003,MIDWAY AIRPORT
170311401001,"NORTH PARK,ALBANY PARK"
170312004021,"BELMONT CRAIGIN,HERMOSA"
170311203005,"SAUGANASH,FOREST GLEN"
170316503011,WEST LAWN
170317404003,"MOUNT GREENWOOD,MORGAN PARK"
170312406001,"WICKER PARK,WEST TOWN"
170312514004,AUSTIN
170317104006,AUBURN GRESHAM
170312209013,LOGAN SQUARE
170318342003,"SOUTH SHORE, GRAND CROSSING"
170317203002,BEVERLY
170315702001,"ARCHER HEIGHTS,WEST ELSDON"
170312429002,"WICKER PARK,WEST TOWN"
170314701001,"CHATHAM,BURNSIDE"
170317402001,"MOUNT GREENWOOD,MORGAN PARK"
170310813004,STREETERVILLE
170313511003,BRONZEVILLE
170311202003,"SAUGANASH,FOREST GLEN"
170316605003,"MARQUETTE PARK,GAGE PARK"
170314212001,WOODLAWN
170316903001,"SOUTH SHORE, GRAND CROSSING"
170318309003,LOGAN SQUARE
170318430001,NORTH LAWNDALE
170311003005,NORWOOD PARK
170317404004,"MOUNT GREENWOOD,MORGAN PARK"
170318346004,ENGLEWOOD
170312909004,NORTH LAWNDALE
170311301003,"NORTH PARK,ALBANY PARK"
170310506002,NORTH CENTER
170315003001,PULLMAN
170318357001,BRONZEVILLE
170312226001,LOGAN SQUARE
170311408002,"NORTH PARK,ALBANY PARK"
170312408001,HUMBOLDT PARK
170311302001,"NORTH PARK,ALBANY PARK"
170315103002,SOUTHEAST SIDE
170318352001,MIDWAY AIRPORT
170312430002,"WICKER PARK,WEST TOWN"
170312505005,"MONTCLARE, GALEWOOD"
170311910001,"BELMONT CRAGIN,HERMOSA"
170317001002,ASHBURN
170312924002,NORTH LAWNDALE
170312001003,"BELMONT CRAIGIN,HERMOSA"
170317203004,BEVERLY
170314212002,WOODLAWN
170313602001,"OAKLAND,KENWOOD"
170311705004,DUNNING
170312004011,"BELMONT CRAIGIN,HERMOSA"
170312504005,"MONTCLARE, GALEWOOD"
170317608012,OHARE
170313817001,BRONZEVILLE
170315205002,SOUTHEAST SIDE
170311901001,"BELMONT CRAGIN,HERMOSA"
170316605004,"MARQUETTE PARK,GAGE PARK"
170310818003,RIVER NORTH
170318374002,GARFIELD PARK
170311909001,"BELMONT CRAGIN,HERMOSA"
170310901004,EDISON PARK
170311502002,PORTAGE PARK
170312603001,GARFIELD PARK
170310507001,NORTH CENTER
170317403005,"MOUNT GREENWOOD,MORGAN PARK"
170311301001,"NORTH PARK,ALBANY PARK"
170311801002,"MONTCLARE, GALEWOOD"
170310812024,GOLD COAST
170311001002,NORWOOD PARK
170318345001,WASHINGTON PARK
170316115002,BACK OF THE YARDS
170313801001,BRONZEVILLE
170310902004,EDISON PARK
170315501006,SOUTHEAST SIDE
170317114003,AUBURN GRESHAM
170314408002,"CHATHAM,BURNSIDE"
170318316004,"MONTCLARE, GALEWOOD"
170311404005,"NORTH PARK,ALBANY PARK"
170315609006,MIDWAY AIRPORT
170314406002,"CHATHAM,BURNSIDE"
170311913012,"BELMONT CRAGIN,HERMOSA"
170312207022,LOGAN SQUARE
170316405002,MIDWAY AIRPORT
170318313001,AUSTIN
170311505012,PORTAGE PARK
170317608011,OHARE
170318356002,BACK OF THE YARDS
170317401001,"MOUNT GREENWOOD,MORGAN PARK"
170316912001,"SOUTH SHORE, GRAND CROSSING"
170312104002,"IRVING PARK,AVONDALE"
170311510022,PORTAGE PARK
170310209021,WEST RIDGE
170316309003,"MARQUETTE PARK,GAGE PARK"
170316503022,WEST LAWN
170313504001,BRONZEVILLE
170318397001,BRIDGEPORT
170318361002,WASHINGTON PARK
170318346003,ENGLEWOOD
170312403001,"WICKER PARK,WEST TOWN"
170315002002,PULLMAN
170315204002,SOUTHEAST SIDE
170317302013,"WASHINGTON HEIGHTS,ROSELAND"
170317201003,BEVERLY
170311612002,"IRVING PARK,AVONDALE"
170318403001,"BRIGHTON PARK,MCKINLEY PARK"
170318391002,LOOP
170310814012,STREETERVILLE
170315701001,"ARCHER HEIGHTS,WEST ELSDON"
170317403001,"MOUNT GREENWOOD,MORGAN PARK"
170317302021,"WASHINGTON HEIGHTS,ROSELAND"
170311910002,"BELMONT CRAGIN,HERMOSA"
170316505003,WEST LAWN
170315704002,"ARCHER HEIGHTS,WEST ELSDON"
170311607001,"IRVING PARK,AVONDALE"
170318323001,BUCKTOWN
170311602004,"IRVING PARK,AVONDALE"
170318330002,WEST LOOP
170311007001,NORWOOD PARK
170318411001,"ARMOUR SQUARE,CHINATOWN"
170311007002,NORWOOD PARK
170312101001,"IRVING PARK,AVONDALE"
170311007003,NORWOOD PARK
170314401021,"CHATHAM,BURNSIDE"
170318433001,NORTH LAWNDALE
170317002002,ASHBURN
170316503021,WEST LAWN
170313301003,NEAR SOUTH SIDE
170318325002,LINCOLN PARK
170318367002,HUMBOLDT PARK
170312505006,"MONTCLARE, GALEWOOD"
170311007004,NORWOOD PARK
170317302014,"WASHINGTON HEIGHTS,ROSELAND"
170310103003,ROGERS PARK
170317608034,OHARE
170318424003,"CHATHAM,BURNSIDE"
170315203004,SOUTHEAST SIDE
170315401021,RIVERDALE
170318424002,"CHATHAM,BURNSIDE"
170311101005,JEFFERSON PARK
170318418002,"SOUTH SHORE, GRAND CROSSING"
170314804003,"AVALON PARK,CALUMET HEIGHTS"
170318437001,NORTH CENTER
170310801005,GOLD COAST
170317401004,"MOUNT GREENWOOD,MORGAN PARK"
170317005021,ASHBURN
170318388002,SOUTHEAST SIDE
170311203001,"SAUGANASH,FOREST GLEN"
170310103001,ROGERS PARK
170312601001,GARFIELD PARK
170312504004,"MONTCLARE, GALEWOOD"
170318420002,BRONZEVILLE
170312109001,"IRVING PARK,AVONDALE"
170312433002,"WICKER PARK,WEST TOWN"
170311912002,"BELMONT CRAGIN,HERMOSA"
170312505001,"MONTCLARE, GALEWOOD"
170318355002,BACK OF THE YARDS
170317109002,AUBURN GRESHAM
170315501003,SOUTHEAST SIDE
170312605001,GARFIELD PARK
170317113002,AUBURN GRESHAM
170317505004,"MOUNT GREENWOOD,MORGAN PARK"
170311611002,"IRVING PARK,AVONDALE"
170312227001,LOGAN SQUARE
170311203003,"SAUGANASH,FOREST GLEN"
170312402001,"WICKER PARK,WEST TOWN"
170318438002,BACK OF THE YARDS
170310503003,NORTH CENTER
170316202001,"ARCHER HEIGHTS,WEST ELSDON"
170310207021,WEST RIDGE
170318371001,GARFIELD PARK
170312604001,GARFIELD PARK
170316504001,WEST LAWN
170315705002,"ARCHER HEIGHTS,WEST ELSDON"
170310207024,WEST RIDGE
170312610001,GARFIELD PARK
170310514002,NORTH CENTER
170312304001,HUMBOLDT PARK
170311601002,"IRVING PARK,AVONDALE"
170317105004,AUBURN GRESHAM
170317202001,BEVERLY
170316403004,MIDWAY AIRPORT
170318356001,BACK OF THE YARDS
170317005012,ASHBURN
170314803002,"AVALON PARK,CALUMET HEIGHTS"
170313302002,NEAR SOUTH SIDE
170318432002,LOWER WEST SIDE
170318309001,BUCKTOWN
170316503012,WEST LAWN
170315206001,SOUTHEAST SIDE
170310207011,WEST RIDGE
170315101001,SOUTHEAST SIDE
170318340001,"WASHINGTON HEIGHTS,ROSELAND"
170318421005,HUMBOLDT PARK
170318305003,LITTLE VILLAGE
170310626001,LAKE VIEW
170313907001,"KENWOOD,OAKLAND"
170311606023,"IRVING PARK,AVONDALE"
170318399002,BRIDGEPORT
170310801004,GOLD COAST
170318438001,BACK OF THE YARDS
170318315001,"BELMONT CRAGIN,HERMOSA"
170313501002,BRONZEVILLE
170318430002,NORTH LAWNDALE
170315611001,MIDWAY AIRPORT
170315501001,SOUTHEAST SIDE
170311201001,"SAUGANASH,FOREST GLEN"
170315801001,"BRIGHTON PARK,MCKINLEY PARK"
170313201004,LOOP
170318355001,BACK OF THE YARDS
170316203005,"ARCHER HEIGHTS,WEST ELSDON"
170318391001,LOOP
170316202002,"ARCHER HEIGHTS,WEST ELSDON"
170310707002,LINCOLN PARK
170316718001,ENGLEWOOD
170318367001,HUMBOLDT PARK
170312315005,HUMBOLDT PARK
170317002001,ASHBURN
170310103002,ROGERS PARK
170313201002,LOOP
170317109001,AUBURN GRESHAM
170318331003,WEST LOOP
170318437002,NORTH CENTER
170318411004,"ARMOUR SQUARE,CHINATOWN"
170315502002,SOUTHEAST SIDE
170316610003,"MARQUETTE PARK,GAGE PARK"
170311705002,DUNNING
170316502006,WEST LAWN
170312916001,NORTH LAWNDALE
170318426001,BACK OF THE YARDS
170316719001,ENGLEWOOD
170318413004,LOWER WEST SIDE
170314701002,"CHATHAM,BURNSIDE"
170311705003,DUNNING
170315305033,WEST PULLMAN
170317608021,OHARE
170318429004,"LITTLE ITALY, UIC"
170318428004,"BRIGHTON PARK,MCKINLEY PARK"
170318318005,"NORTH PARK,ALBANY PARK"
170313406001,"ARMOUR SQUARE,CHINATOWN"
170318339001,SOUTH CHICAGO
170316302001,"MARQUETTE PARK,GAGE PARK"
170317112004,AUBURN GRESHAM
170316610005,"MARQUETTE PARK,GAGE PARK"
170315907002,"BRIGHTON PARK,MCKINLEY PARK"
170311101001,JEFFERSON PARK
170312305001,HUMBOLDT PARK
170313201003,LOOP
170310403003,LINCOLN SQUARE
170312801001,WEST LOOP
170312301001,HUMBOLDT PARK
170312305002,HUMBOLDT PARK
170318326002,LINCOLN PARK
170316915002,"SOUTH SHORE, GRAND CROSSING"
170317303001,"WASHINGTON HEIGHTS,ROSELAND"
170315604001,MIDWAY AIRPORT
170312315003,HUMBOLDT PARK
170318325001,LINCOLN PARK
170315501002,SOUTHEAST SIDE
170310408002,LINCOLN SQUARE
170314304004,"SOUTH SHORE, GRAND CROSSING"
170314304003,"SOUTH SHORE, GRAND CROSSING"
170318434001,NORTH LAWNDALE
170315103003,SOUTHEAST SIDE
170311002001,NORWOOD PARK
170318404001,"BRIGHTON PARK,MCKINLEY PARK"
170315205003,SOUTHEAST SIDE
170312503001,AUSTIN
170312315002,HUMBOLDT PARK
170311913021,"BELMONT CRAGIN,HERMOSA"
170310633032,LAKE VIEW
170315306001,WEST PULLMAN
170316504003,WEST LAWN
170316303002,"MARQUETTE PARK,GAGE PARK"
170315101002,SOUTHEAST SIDE
170311201003,"SAUGANASH,FOREST GLEN"
170318423002,"WICKER PARK,WEST TOWN"
170313301001,NEAR SOUTH SIDE
170318305001,LITTLE VILLAGE
170314610001,SOUTH CHICAGO
170317305001,"WASHINGTON HEIGHTS,ROSELAND"
170315202003,SOUTHEAST SIDE
170316715002,ENGLEWOOD
170318423001,"WICKER PARK,WEST TOWN"
170315502001,SOUTHEAST SIDE
170318343005,"AVALON PARK,CALUMET HEIGHTS"
170317115001,AUBURN GRESHAM
170313206002,LOOP
170318435001,LITTLE VILLAGE
170316814002,ENGLEWOOD
170318411002,"ARMOUR SQUARE,CHINATOWN"
170310814021,STREETERVILLE
170318343002,"AVALON PARK,CALUMET HEIGHTS"
170311005005,NORWOOD PARK
170311202001,"SAUGANASH,FOREST GLEN"
170317305002,"WASHINGTON HEIGHTS,ROSELAND"
170318400002,BRIDGEPORT
170310104001,ROGERS PARK
170316201001,"ARCHER HEIGHTS,WEST ELSDON"
170310403002,LINCOLN SQUARE
170316203006,"ARCHER HEIGHTS,WEST ELSDON"
170318390003,PRINTERS ROW
170315803001,"BRIGHTON PARK,MCKINLEY PARK"
170312304002,HUMBOLDT PARK
170310101002,ROGERS PARK
170317301001,"WASHINGTON HEIGHTS,ROSELAND"
170316007002,BRIDGEPORT
170318413002,LOWER WEST SIDE
170316611002,"MARQUETTE PARK,GAGE PARK"
170318312001,"BELMONT CRAIGIN,HERMOSA"
170316502005,WEST LAWN
170314314001,"SOUTH SHORE, GRAND CROSSING"
170317202002,BEVERLY
170318402001,BRIDGEPORT
170315601001,MIDWAY AIRPORT
170310813002,STREETERVILLE
170318371002,GARFIELD PARK
170318390004,PRINTERS ROW
170316610002,"MARQUETTE PARK,GAGE PARK"
170316006002,BRIDGEPORT
170318365001,"OAKLAND,KENWOOD"
170316108001,BACK OF THE YARDS
170312502001,AUSTIN
170317504003,"MOUNT GREENWOOD,MORGAN PARK"
170316714001,ENGLEWOOD
170314314004,"SOUTH SHORE, GRAND CROSSING"
170315501005,SOUTHEAST SIDE
170314303003,"SOUTH SHORE, GRAND CROSSING"
170317304002,"WASHINGTON HEIGHTS,ROSELAND"
170312306006,HUMBOLDT PARK
170316814003,ENGLEWOOD
170316301001,"MARQUETTE PARK,GAGE PARK"
170318318004,"NORTH PARK,ALBANY PARK"
170314304001,"SOUTH SHORE, GRAND CROSSING"
170315602001,MIDWAY AIRPORT
170310407004,LINCOLN SQUARE
170318400001,BRIDGEPORT
170315609005,MIDWAY AIRPORT
170316204002,"ARCHER HEIGHTS,WEST ELSDON"
170314314002,"SOUTH SHORE, GRAND CROSSING"
170318421001,HUMBOLDT PARK
170318350001,"MARQUETTE PARK,GAGE PARK"
170310104002,ROGERS PARK
170318412002,LOWER WEST SIDE
170310814032,STREETERVILLE
170310812022,GOLD COAST
170310101003,ROGERS PARK
170316720004,ENGLEWOOD
170319800001,OHARE
170311002006,NORWOOD PARK
170310814033,STREETERVILLE
170315305031,WEST PULLMAN
170318422001,RIVER NORTH
170318351001,"MARQUETTE PARK,GAGE PARK"
170310814011,STREETERVILLE
170318343001,"AVALON PARK,CALUMET HEIGHTS"
170315305021,WEST PULLMAN
170312819003,WEST LOOP
170318333001,"LITTLE ITALY, UIC"
170310813006,STREETERVILLE
170315201001,SOUTHEAST SIDE
170310308001,ANDERSONVILLE
170310308004,ANDERSONVILLE
170315401012,RIVERDALE
170310308003,ANDERSONVILLE
170310308002,ANDERSONVILLE
170310813003,STREETERVILLE
170312426003,HUMBOLDT PARK
170318390001,LOOP
170312827002,"LITTLE ITALY, UIC"
170318320001,LAKE VIEW
170318329001,"LITTLE ITALY, UIC"
170310817001,RIVER NORTH
170318331001,WEST LOOP
170312819001,WEST LOOP
170310812013,GOLD COAST
170310802012,GOLD COAST
170318329002,"LITTLE ITALY, UIC"
170310815001,RIVER NORTH
170310815003,RIVER NORTH
170318390002,LOOP
170312428001,"WICKER PARK,WEST TOWN"
170318419002,WEST LOOP
170318410001,NEAR SOUTH SIDE
170310810001,RIVER NORTH
170310802021,OLD TOWN
170314110001,JACKSON PARK
170314110003,HYDE PARK
170310307061,EDGEWATER
170310810006,RUSH & DIVISION
170310802011,OLD TOWN
170313201001,MILLENIUM PARK
170318411003,"ARMOUR SQUARE,CHINATOWN"
170310812011,STREETERVILLE
170310816002,RIVER NORTH
170318381003,"LITTLE ITALY, UIC"
170310711002,LINCOLN PARK
170318380002,UNITED CENTER
170310301041,EDGEWATER
170310810002,RUSH & DIVISION
170310609001,LAKE VIEW
170310711001,SHEFFIELD & DEPAUL
170310618001,BOYSTOWN
170313901001,"KENWOOD,OAKLAND"
170319801001,MIDWAY AIRPORT
170310804002,OLD TOWN
170310701013,LINCOLN PARK
170318439001,JACKSON PARK
170318419001,WEST LOOP
170310306042,EDGEWATER
170314601001,SOUTH CHICAGO
170310810003,RIVER NORTH
170438400002,OHARE
170310802022,OLD TOWN
170310812012,RUSH & DIVISION
170318365002,"OAKLAND,KENWOOD"
170310608002,LAKE VIEW
170310815002,RIVER NORTH
170310314004,UPTOWN
170313301004,MUSEUM CAMPUS
170310313001,UPTOWN
170314201001,JACKSON PARK
170310715003,LINCOLN PARK
170310714002,LINCOLN PARK
170318233041,"MOUNT GREENWOOD,MORGAN PARK"
170314101002,HYDE PARK
170310609002,LAKE VIEW
170313510001,BRONZEVILLE
170314301021,"SOUTH SHORE, GRAND CROSSING"
170313501001,BRONZEVILLE
170318364001,"OAKLAND,KENWOOD"
170310301032,EDGEWATER
170313206001,GRANT PARK
170317706022,OHARE
170314314003,"SOUTH SHORE, GRAND CROSSING"
170313204001,GRANT PARK
170310632004,LAKE VIEW
170314109003,HYDE PARK
170314307001,"SOUTH SHORE, GRAND CROSSING"
170310104003,ROGERS PARK
170310306013,EDGEWATER
170318104003,NORWOOD PARK
170317707002,OHARE
170310619023,LAKE VIEW
170314110002,JACKSON PARK
170310814031,STREETERVILLE
170310301021,EDGEWATER
170310301014,EDGEWATER
170310812021,GOLD COAST
170438408011,OHARE
170313907003,"KENWOOD,OAKLAND"
170317709022,OHARE
170317708002,OHARE
170317707001,OHARE
170318117011,OHARE
170318080022,WEST RIDGE
170318076003,WEST RIDGE
170317705002,OHARE
,
,
,
,
,
,
,
,
,
,
,
,
,
,
,
,
,
,
,
,
,
,
,
,
,
,
,
,
,
,
,
,
,
,
,
,
,
,
,
,
,
,
,
,
,
,
,
,
,
,
,
,
,
,
,
,
,
,
,
,
,
,
,
,
,
,
,
,
,
,
,
,
,
,
,
,
,
,
,
,
,
,
,
,
,
,
,
,
,
,
,
,
,
,
,
,
,
,
,
,
,
,
,
,
,
,
,
,
,
,
,
,
,
,
,
,
,
,
,
,
,
,
,
,
,
,
,
,
,
,
,
,
,
,
,
,
,
,
,
,
,
,
,
,
,
,
,
,
,
,
,
,
,
,
,
,
,
,
,
,
,
,
,
,
,
,
,
,
,
,
,
,
,
,
,
,
,
,
,
,
,
,
,
,
,
,
,
,
,
,
,
,
,
,
,
,
,
,
,
,
,
,
,
,
,
,
,
,
,
,
,
,
,
,
,
,
,
,
,
,
,
,
,
,
,
,
,
,
,
,
,
,
,
,
,
,
,
,
,
,
,
,
,
,
,
,
,
,
,
,
,
,
,
,
,
,
,
,
,
,
,
,
,
,
,
,
,
,
,
,
,
,
,
,
,
,
,
,
,
,
,
,
,
,
,
,
,
,
,
,
,
,
,
,
,
,
,
,
,
,
,
,
,
,
,
,
,
,
,
,
,
,
,
,
,
,
,
,
,
,
,
,
,
,
,
,
,
,
,
,
,
,
,
,
,
,
,
,
,
,
,
,
,
,
,
,
,
,
,
,
,
,
,
,
,
,
,
,
,
,
,
,
,
,
,
,
,
,
,
,
,
,
,
,
,
,
,
,
,
,
,
,
,
,
,
,
,
,
,
,
,
,
,
,
,
,
,
,
,
,
,
,
,
,
,
,
,
,
,
,
,
,
,
,
,
,
,
,
,
,
,
,
,
,
,
,
,
,
,
,
,
,
,
,
,
,
,
,
,
,
,
,
,
,
,
,
,
,
,
,
,
,
,
,
,
,
,
,
,
,
,
,
,
,
,
,
,
,
,
,
,
,
,
,
,
,
,
,
,
,
,
,
,
,
,
,
,
,
,
,
,
,
,
,
,
,
,
,
,
,
,
,
,
,
,
,
,
,
,
,
,
,
,
,
,
,
,
,
,
,
,
,
,
,
,
,
,
,
,
,
,
,
,
,
,
,
,
,
,
,
,
,
,
,
,
,
,
,
,
,
,
,
,
,
,
,
,
,
,
,
,
,
,
,
,
,
,
,
,
,
,
,
,
,
,
,
,
,
,
,
,
,
,
,
,
,
,
,
,
,
,
,
,
,
,
,
,
,
,
,
,
,
,
,
,
,
,
,
,
,
,
,
,
,
,
,
,
,
,
,
,
,
,
,
,
,
,
,
,
,
,
,
,
,
,
,
,
,
,
,
,
,
,
,
,
,
,
,
,
,
,
,
,
,
,
,
,
,
,
,
,
,
,
,
,
,
,
,
,
,
,
,
,
,
,
,
,
,
,
,
,
,
,
,
,
,
,
,
,
,
,
,
,
,
,
,
,
,
,
,
,
,
,
,
,
,
,
,
,
,
,
,
,
,
,
,
,
,
,
,
,
,
,
,
,
,
,
,
,
,
,
,
,
,
,
,
,
,
,
,
,
,
,
,
,
,
,
,
,
,
,
,
,
,
,
,
,
,
,
,
,
,
,
,
,
,
,
,
,
,
,
,
,
,
,
,
,
,
,
,
,
,
,
,
,
,
,
,
,
,
,
,
,
,
,
,
,
,
,
,
,
,
,
,
,
,
,
,
,
,
,
,
,
,
,
,
,
,
,
,
,
,
,
,
,
,
,
,
,
,
,
,
,
,
,
,
,
,
,
,
,
,
,
,
,
,
,
,
,
,
,
,
,
,
,
,
,
,
,
,
,
,
,
,
,
,
,
,
,
,
,
,
,
,
,
,
,
,
,
,
,
,
,
,
,
,
,
,
,
,
,
,
,
,
,
,
,
,
,
,
,
,
,
,
,
,
,
,
,
,
,
,
,
,
,
,
,
,
,
,
,
,
,
,
,
,
,
,
,
,
,
,
,
,
,
,
,
,
,
,
,
,
,
,
,
,
,
,
,
,
,
,
,
,
,
,
,
,
,
,
,
,
,
,
,
,
,
,
,
,
,
,
,
,
,
,
,
,
,
,
,
,
,
,
,
,
,
,
,
,
,
,
,
,
,
,
,
,
,
,
,
,
,
,
,
,
,
,
,
,
,
,
,
,
,
,
,
,
,
,
,
,
,
,
,
,
,
,
,
,
,
,
,
,
,
,
,
,
,
,
,
,
,
,
,
,
,
,
,
,
,
,
,
,
,
,
,
,
,
,
,
,
,
,
,
,
,
,
,
,
,
,
,
,
,
,
,
,
,
,
,
,
,
,
,
,
,
,
,
,
,
,
,
,
,
,
,
,
,
,
,
,
,
,
,
,
,
,
,
,
,
,
,
,
,
,
,
,
,
,
,
,
,
,
,
,
,
,
,
,
,
,
,
,
,
,
,
,
,
,
,
,
,
,
,
,
,
,
,
,
,
,
,
,
,
,
,
,
,
,
,
,
,
,
,
,
,
,
,
,
,
,
,
,
,
,
,
,
,
,
,
,
,
,
,
,
,
,
,
,
,
,
,
,
,
,
,
,
,
,
,
,
,
,
,
,
,
,
,
,
,
,
,
,
,
,
,
,
,
,
,
,
,
,
,
,
,
,
,
,
,
,
,
,
,
,
,
,
,
,
,
,
,
,
,
,
,
,
,
,
,
,
,
,
,
,
,
,
,
,
,
,
,
,
,
,
,
,
,
,
,
,
,
,
,
,
,
,
,
,
,
,
,
,
,
,
,
,
,
,
,
,
,
,
,
,
,
,
,
,
,
,
,
,
,
,
,
,
,
,
,
,
,
,
,
,
,
,
,
,
,
,
,
,
,
,
,
,
,
,
,
,
,
,
,
,
,
,
,
,
,
,
,
,
,
,
,
,
,
,
,
,
,
,
,
,
,
,
,
,
,
,
,
,
,
,
,
,
,
,
,
,
,
,
,
,
,
,
,
,
,
,
,
,
,
,
,
,
,
,
,
,
,
,
,
,
,
,
,
,
,
,
,
,
,
,
,
,
,
,
,
,
,
,
,
,
,
,
,
,
,
,
,
,
,
,
,
,
,
,
,
,
,
,
,
,
,
,
,
,
,
,
,
,
,
,
,
,
,
,
,
,
,
,
,
,
,
,
,
,
,
,
,
,
,
,
,
,
,
,
,
,
,
,
,
,
,
,
,
,
,
,
,
,
,
,
,
,
,
,
,
,
,
,
,
,
,
,
,
,
,
,
,
,
,
,
,
,
,
,
,
,
,
,
,
,
,
,
,
,
,
,
,
,
,
,
,
,
,
,
,
,
,
,
,
,
,
,
,
,
,
,
,
,
,
,
,
,
,
,
,
,
,
,
,
,
,
,
,
,
,
,
,
,
,
,
,
,
,
,
,
,
,
,
,
,
,
,
,
,
,
,
,
,
,
,
,
,
,
,
,
,
,
,
,
,
,
,
,
,
,
,
,
,
